station,name,num_readings,avg_temp_f,max_temp_f,min_temp_f,total_prcp_in
16757099999,"SITIA, GR",8,80.6,85.0,77.8,0.0
16564099999,"CAPE CARBONARA, IT",55,79.53,84.2,74.7,19.54
11278099999,"POERTSCHACH, AU",1,78.2,78.2,78.2,0.0
08589099999,"PRAIA, CV",102,76.83,82.4,70.5,0.0
08583099999,"MINDELO, CV",104,76.53,82.7,71.1,0.0
08594499999,"BOA VISTA RABIL, CV",236,75.64,84.2,68.7,0.0
08594599999,"SAO PEDRO, CV",236,74.84,82.5,69.0,0.0
16675099999,"LAMIA, GR",96,74.83,90.1,37.4,1.24
11234099999,"BAD EISENKAPPEL, AU",1,74.7,74.7,74.7,0.0
14446099999,"BRAC, HR",89,74.23,90.6,38.7,0.0
14253199999,"LOSINJ ISLAND, HR",68,73.37,90.7,51.8,0.0
08594099999,"AMILCAR CABRAL INTERNATIONAL, CV",236,73.31,83.7,67.6,0.41
11090099999,"WEIN DONAUFELD, AU",2,72.75,79.4,66.1,0.0
16464099999,"SIRACUSA, IT",165,72.46,87.6,53.7,1.38
11144099999,"ZELL AM SEE AUT, AU",1,71.0,71.0,71.0,0.0
08429099999,"ALCANTARILLA, SP",236,70.89,94.4,45.7,10.53
11263099999,"WEISSENSEE GATSCHACH, AU",1,70.8,70.8,70.8,0.0
16324099999,"TARANTO GROTTAGLIE, IT",236,70.61,99.6,44.6,0.0
16542099999,"CAPE S. LORENZO, IT",149,70.45,92.1,48.6,2.41
16266099999,"VIESTE, IT",6,69.85,86.6,54.3,0.0
16719099999,"ZAKINTHOS, GR",234,69.47,96.9,48.0,16.26
16235099999,"URBE, IT",236,69.41,96.1,43.5,0.0
16765099999,"KARPATHOS AIRPORT, GR",205,69.32,88.1,45.8,4.52
08430099999,"MURCIA, SP",236,69.25,92.8,45.6,9.78
16719399999,"DIONISIOS SOLOMOS, GR",236,69.22,94.2,47.3,0.0
16685099999,"KEFALLINIA, GR",236,69.13,93.2,49.8,21.79
16665399999,"ALEXANDROS PAPADIAMANTIS, GR",198,69.13,90.2,41.3,5.12
08487099999,"ALMERIA, SP",236,69.05,91.0,50.7,3.35
08537099999,"ALVERCA, PO",153,68.95,95.9,49.1,12.5
07503099999,"BISCAROSSE PARENTIS, FR",141,68.94,91.1,32.2,2.01
16480099999,"COZZO SPADARO, IT",214,68.79,86.6,53.6,0.0
16754399999,"KARPATHOS, GR",232,68.59,87.8,45.4,0.0
16490099999,"LAMPEDUSA, IT",236,68.58,86.4,55.4,12.63
16350099999,"CROTONE, IT",236,68.52,94.4,44.9,0.0
16716099999,"ATHINAI, GR",235,68.51,97.3,40.5,3.43
08359099999,"ALICANTE, SP",229,68.23,89.5,44.3,6.16
16243099999,"LATINA, IT",168,68.22,91.8,44.2,0.0
16749099999,"DIAGORAS, GR",236,68.19,91.5,44.9,8.7
16599099999,"GUDJA, MT",236,68.18,90.0,53.0,14.42
16744399999,"SANTORINI, GR",236,68.17,91.2,43.9,0.0
16723099999,"SAMOS, GR",236,68.15,95.8,39.7,0.0
16597099999,"LUQA, MT",236,68.14,89.9,53.3,11.42
08360099999,"ALICANTE, SP",236,68.11,88.3,44.2,5.3
08391099999,"SEVILLA, SP",236,68.08,96.1,42.9,24.44
16422099999,"REGGIO CALABRIA, IT",236,68.03,89.0,51.6,11.73
16734199999,"CYCLADES ISLANDS, GR",234,68.03,87.4,42.2,0.0
16718099999,"ELEFSIS, GR",236,68.02,97.4,40.7,6.83
16667099999,"MITILINI, GR",236,68.01,92.1,39.4,7.77
16743099999,"KITHIRA ALEXANDROS ARISTOTELOUS ONASSIS, GR",227,67.89,94.6,42.0,0.45
14025099999,"MARIBOR TABOR, SI",99,67.81,81.1,50.5,0.0
16260099999,"GINA LISA, IT",236,67.77,93.6,42.2,0.0
16420099999,"MESSINA, IT",233,67.72,90.0,52.7,0.0
16148099999,"CERVIA, IT",149,67.7,84.3,34.7,12.13
16234099999,"GUIDONIA, IT",166,67.66,91.8,41.3,11.7
08522099999,"FUNCHAL, PO",236,67.63,76.6,59.4,14.74
16706099999,"CHIOS, GR",236,67.61,93.8,40.5,16.61
16754099999,"NIKOS KAZANTZAKIS, GR",236,67.6,88.6,44.8,5.64
08433099999,"MURCIA SAN JAVIER, SP",236,67.59,89.5,46.7,6.87
14648099999,"MOSTAR, BK",236,67.45,95.9,39.5,27.05
16416099999,"ISOLA STROMBOLI, IT",207,67.27,92.4,51.4,0.0
08390599999,"SEVILLA HELIPORT, SP",162,67.25,96.9,44.8,0.0
16405099999,"PALERMO, IT",236,67.21,87.8,51.6,8.27
16539099999,"CAPE FRASCA, IT",225,67.2,87.4,48.8,5.38
08495099999,"GIBRALTAR, GI",236,67.17,84.1,54.0,20.01
16459099999,"CATANIA SIGONELLA, IT",236,67.16,89.8,47.5,9.93
16641099999,"IOANNIS KAPODISTRIAS INTERNATIONAL, GR",236,67.14,91.0,46.0,16.77
13463099999,"PODGORICA GRAD, MJ",236,67.11,97.6,40.8,27.58
08521099999,"FUNCHAL S.CATARINA, PO",236,67.09,76.7,58.1,16.83
14454099999,"MAKARSKA, HR",236,67.03,93.5,43.3,16.14
16726499999,"SYROS DIMITRIOS VIKELAS, GR",236,66.98,89.5,42.5,5.48
16221099999,"RIETI, IT",235,66.96,91.9,38.8,0.0
13601099999,"TIRANA LA PRAKA, AL",236,66.96,93.5,44.0,17.41
16453099999,"GELA, IT",212,66.95,89.5,50.5,0.0
08238099999,"TORTOSA, SP",236,66.94,89.7,39.6,7.84
08286099999,"CASTELLON ALMAZORA, SP",235,66.93,88.2,43.6,9.91
14441099999,"KOMIZA, HR",236,66.92,93.6,44.2,12.67
08383099999,"HUELVA, SP",233,66.92,91.8,45.5,18.82
08284099999,"VALENCIA, SP",236,66.9,90.8,41.6,7.99
08410099999,"CORDOBA, SP",236,66.85,93.2,38.2,21.53
08373099999,"IBIZA, SP",236,66.84,84.4,47.2,6.23
08482099999,"MALAGA, SP",236,66.67,89.3,45.3,14.17
16746099999,"SOUDA, GR",236,66.64,88.9,43.1,5.78
16217099999,"ORTE, IT",164,66.64,84.7,34.9,0.0
08000199999,"MADEIRA, PO",236,66.62,77.0,57.3,0.0
16460099999,"CATANIA FONTANAROSSA, IT",236,66.6,88.6,46.6,12.46
14447099999,"HVAR, HR",236,66.53,88.9,43.2,18.37
08554099999,"FARO, PO",235,66.45,88.7,51.7,0.0
08451099999,"JEREZ, SP",236,66.44,91.0,42.6,20.94
14472099999,"DUBROVNIK GORICA, HR",236,66.44,92.3,45.1,27.21
08449013025,"ROTA NAS, SP",236,66.43,90.7,44.6,0.0
16742099999,"KOS, GR",236,66.39,91.8,42.0,8.49
13461099999,"BAR, MJ",236,66.38,89.0,45.3,22.42
16292399999,"PONTECAGNANO SALERNO, IT",236,66.33,91.2,46.0,0.0
08397099999,"MORON AB, SP",236,66.31,95.1,41.5,15.96
14445099999,"SPLIT MARJAN, HR",236,66.3,94.0,40.7,14.79
16741099999,"EL VENIZELOS, GR",236,66.3,93.2,40.1,4.28
16642199999,"PAROS, GR",236,66.27,86.9,42.4,6.03
08306099999,"PALMA DE MALLORCA, SP",236,66.24,85.9,42.0,8.33
16360099999,"SANTA MARIA DI LEUC, IT",222,66.22,90.7,45.8,9.93
16138099999,"FERRARA AUT, IT",195,66.19,88.6,35.0,14.27
16687099999,"ARAXOS, GR",236,66.18,92.9,46.1,0.0
16470099999,"PANTELLERIA, IT",236,66.12,91.4,51.3,3.67
16643099999,"AKTION, GR",236,66.05,94.1,46.4,9.11
08524099999,"PORTO SANTO, PO",236,66.02,74.8,57.1,10.45
13622099999,"VLORE, AL",236,66.01,87.6,44.9,20.91
16560099999,"ELMAS, IT",236,65.98,85.0,44.8,9.22
16546099999,"DECIMOMANNU, IT",236,65.96,88.2,45.3,5.35
16716199999,"ELEFTHERIOS VENIZELOS INTERNATIONAL, GR",236,65.89,93.2,39.7,0.0
16429099999,"TRAPANI BIRGI, IT",236,65.84,93.4,49.4,9.45
08330099999,"TALAVERA LA REAL BADAJOZ, ES",236,65.84,91.7,39.4,16.68
16726399999,"MIKONOS, GR",236,65.82,88.9,40.9,8.9
14443099999,"PALAGRUZA, HR",234,65.74,85.8,44.6,7.28
16122099999,"ALBENGA, IT",220,65.72,95.5,45.5,0.0
16738099999,"MILOS, GR",229,65.67,91.6,41.4,5.54
16531099999,"OLBIA COSTA SMERALDA, IT",236,65.67,86.3,46.7,9.3
16726099999,"KALAMATA, GR",236,65.64,89.8,45.9,14.19
16684099999,"SKIROS, GR",236,65.6,92.0,40.0,5.2
16289034113,"NAPLES, IT",236,65.55,88.2,45.3,14.44
16244099999,"FROSINONE IT AFB, IT",165,65.52,91.4,40.4,0.0
16400099999,"USTICA ISLAND, IT",231,65.5,86.1,48.3,1.18
16125099999,"SARZANA LUNI, IT",197,65.41,87.5,41.0,17.06
08014399999,"VALENCIA, SP",236,65.39,88.6,39.6,0.0
08014199999,"CIUDAD REAL, SP",233,65.38,91.4,34.8,0.0
07765099999,"SOLENZARA, FR",236,65.38,88.4,45.7,0.08
14462099999,"PLOCE, HR",236,65.36,93.0,40.6,25.71
14438099999,"SIBENIK, HR",236,65.35,93.2,39.0,13.06
16475099999,"COMISO, IT",236,65.33,90.1,48.0,0.0
14452099999,"LASTOVO, HR",236,65.23,90.4,41.9,14.43
14321099999,"RAB, HR",236,65.21,92.0,41.7,25.48
16064099999,"CAMERI, IT",195,65.15,90.7,32.9,23.62
16320099999,"CASALE BRINDISI, IT",236,65.14,87.0,46.2,9.62
16332099999,"LECCE, IT",236,65.1,90.0,44.3,12.41
08314099999,"MENORCA, SP",236,65.09,85.3,46.9,8.32
16362099999,"LAMEZIA TERME, IT",236,65.09,89.8,46.6,17.21
13462099999,"PODGORICA GOLUBOVCI, MJ",236,65.03,94.6,39.1,46.95
14444099999,"SPLIT, HR",236,65.01,92.5,40.6,18.08
16682099999,"ANDRAVIDA, GR",236,64.96,87.9,41.5,21.98
08501099999,"FLORES, PO",235,64.94,78.6,48.3,1.09
13611099999,"DURRES, AL",236,64.91,86.9,44.8,26.92
08261099999,"CACERES, SP",236,64.88,92.9,40.2,17.09
13623099999,"SAZAN ISLAND, AL",236,64.86,94.8,39.2,23.93
08505099999,"HORTA, PO",235,64.81,78.0,51.1,0.24
17022399999,"SAMANDIRA, TU",155,64.72,97.0,32.0,0.0
13462499999,"PODGORICA TITOGRAD, MJ",236,64.71,94.4,37.1,0.0
14323099999,"SENJ, HR",236,64.68,91.5,35.6,30.03
16294099999,"CAPRI ISLAND, IT",229,64.67,86.4,45.8,9.92
13600099999,"SHKODRA, AL",236,64.62,93.3,40.3,20.64
08532099999,"SINTRA, PO",156,64.59,86.5,49.7,13.99
16715099999,"TATOI DEKELIA, GR",236,64.59,92.5,35.9,6.68
16095099999,"PADOVA, IT",203,64.55,91.0,36.0,0.0
14314099999,"MALI LOSINJ, HR",213,64.55,87.6,41.2,14.17
16239099999,"CIAMPINO, IT",236,64.48,86.9,39.9,13.62
07690099999,"NICE COTE D AZUR, FR",236,64.46,86.5,44.8,1.0
08419099999,"GRANADA, SP",236,64.44,88.9,35.2,7.74
16216099999,"VITERBO, IT",236,64.42,89.5,39.3,16.68
08515099999,"SANTA MARIA, PO",235,64.41,76.4,53.2,7.41
16520099999,"ALGHERO, IT",236,64.34,85.4,41.7,11.99
16084099999,"PIACENZA, IT",236,64.33,93.1,35.0,16.65
07747099999,"PERPIGNAN RIVESALTES, FR",236,64.31,93.6,37.6,0.15
08181099999,"BARCELONA, SP",236,64.27,84.8,41.0,11.96
16245099999,"PRATICA DI MARE, IT",236,64.23,86.8,42.1,0.0
14428099999,"ZADAR PUNTAMIKA, HR",236,64.22,91.0,39.9,13.72
07780099999,"FIGARI SUD CORSE, FR",236,64.22,84.9,42.4,0.45
16215099999,"CIVITAVECCHIA, IT",211,64.22,83.7,45.6,0.0
16624099999,"MEGAS ALEXANDROS INTERNATIONAL, GR",236,64.2,88.0,36.0,7.42
08014499999,"ARMILLA, SP",163,64.2,89.9,38.0,0.0
16059599999,"AERITALIA TORINO, IT",236,64.18,91.2,37.2,0.0
16170099999,"FIRENZE, IT",236,64.15,88.8,37.7,27.23
16760099999,"KASTELI AIRPORT, GR",236,64.14,87.9,39.5,11.62
07650099999,"MARSEILLE PROVENCE, FR",236,64.13,88.3,34.0,0.13
16214099999,"CIVITAVECCHIA, IT",211,64.13,83.8,45.4,9.44
13624099999,"QYTETI STALIN, AL",236,64.12,86.7,39.5,8.09
14474099999,"DUBROVNIK, HR",236,64.11,91.8,41.8,23.86
16699099999,"TANAGRA, GR",236,64.09,93.2,37.2,0.0
13592099999,"DEMIR KAPIJA, MK",233,64.04,95.4,29.6,9.08
08562099999,"BEJA, PO",236,64.02,91.9,44.8,1.09
07761099999,"CAMPO DELL ORO AJACCIO NAPOLEON BONAPARTE, FR",236,64.01,84.2,42.5,0.41
08509099999,"LAJES, PO",236,64.0,76.9,50.5,28.56
08534099999,"MONTIJO, PO",236,63.99,86.0,44.7,17.0
07647099999,"ISTRES LE TUBE, FR",236,63.98,88.9,34.7,0.05
16120099999,"GENOVA SESTRI, IT",236,63.96,89.6,40.9,45.15
08561099999,"BEJA B. AEREA, PO",236,63.94,91.9,44.8,15.6
08175099999,"REUS, SP",236,63.93,84.8,38.8,8.3
16242099999,"FIUMICINO, IT",236,63.93,84.4,41.9,12.96
16261099999,"AMENDOLA, IT",236,63.91,87.2,40.8,6.08
16270099999,"BARI, IT",236,63.83,87.9,42.8,10.82
02443099999,"ENKOPING, SW",1,63.8,63.8,63.8,0.0
07790099999,"BASTIA PORETTA, FR",236,63.8,85.9,43.2,0.02
07667099999,"HYERES LE PALYVESTRE, FR",236,63.69,87.5,44.3,0.16
16158099999,"PISA, IT",236,63.64,86.7,37.4,24.93
16665099999,"NEA ANCHIALOS, GR",236,63.58,89.5,37.2,0.0
08512099999,"PONTA DELGADA, PO",234,63.54,75.0,52.2,0.0
08160099999,"ZARAGOZA AB, SP",236,63.53,92.3,35.0,9.65
16541099999,"PERDASDEFOGU, IT",161,63.51,91.3,39.1,12.02
13615099999,"TIRANA RINAS, AL",236,63.5,86.8,38.6,0.0
16650099999,"LIMNOS, GR",236,63.48,87.2,35.8,8.11
16622099999,"MAKEDONIA, GR",236,63.46,86.9,37.7,7.0
08536099999,"LISBOA, PO",235,63.44,87.7,46.3,1.69
08224099999,"GETAFE, SP",236,63.43,90.5,36.6,16.07
16107099999,"CONCORDIA SAGITTARIA, IT",181,63.41,83.5,34.4,0.0
07675099999,"LE LUC LE CANNET, FR",236,63.36,88.8,36.8,0.33
16206099999,"GROSSETO, IT",236,63.35,87.6,40.8,0.0
16325099999,"MARINA DI GINOSA, IT",135,63.31,86.7,44.2,5.56
07643099999,"MONTPELLIER MEDITERRANEE, FR",236,63.29,89.4,34.2,0.04
07579599999,"VALENCE CHABEUIL, FR",236,63.24,95.9,31.6,0.97
16436099999,"SCIACCA, IT",236,63.23,85.9,47.2,0.0
08176399999,"SABADELL, SP",236,63.17,86.4,36.9,0.0
16147099999,"FORLI, IT",236,63.13,88.5,33.7,0.0
16253099999,"GRAZZANISE, IT",236,63.11,85.9,43.2,15.92
08535099999,"LISBOA GEOF, PO",3,63.1,65.3,60.3,0.54
07684099999,"CANNES MANDELIEU, FR",236,63.01,84.2,41.6,0.61
14216099999,"RIJEKA KOZALA, HR",236,62.99,90.3,36.0,41.62
08171099999,"LERIDA, SP",235,62.97,89.3,32.0,10.12
16648099999,"LARISA, GR",236,62.97,89.8,36.7,6.71
16259199999,"PARMA, IT",236,62.92,89.3,33.6,0.0
13625099999,"GJIROKASTRA, AL",236,62.87,91.3,35.9,13.54
16153099999,"CAPE MELE, IT",152,62.8,86.2,45.3,10.51
07476099999,"AVIGNON CAUMONT, FR",236,62.77,89.5,33.1,0.0
16606099999,"SERRAI, GR",236,62.74,89.7,34.4,7.54
13457099999,"TIVAT, MJ",236,62.74,89.5,37.8,20.01
07631099999,"TOULOUSE FRANCAZAL, FR",236,62.61,92.0,32.4,0.92
13597099999,"GEVGELIJA, MK",231,62.6,90.4,33.0,10.83
08048099999,"ORENSE, SP",228,62.59,87.7,36.2,17.47
07646099999,"NIMES GARONS, FR",236,62.57,89.3,35.6,0.09
13116099999,"RIJEKA, HR",236,62.54,89.6,36.5,30.34
17050099999,"EDIRNE, TU",236,62.51,92.0,29.5,10.06
07641599999,"BEZIERS VIAS, FR",236,62.5,89.1,31.2,0.0
16224099999,"VIGNA DI VALLE MIL, IT",236,62.44,86.8,41.0,19.61
07579099999,"ORANGE CARITAT, FR",235,62.37,89.0,34.7,0.6
16627099999,"DIMOKRITOS, GR",236,62.35,90.9,31.6,6.88
07648099999,"SALON DE PROVENCE, FR",236,62.28,86.0,31.8,0.24
13348099999,"MOSTAR, BK",236,62.17,91.4,32.1,0.0
08223099999,"CUATRO VIENTOS, SP",236,62.16,89.5,37.2,15.42
16146099999,"POINT MARINA RAVENN, IT",122,62.12,80.5,39.4,0.0
08558199999,"OVAR, PO",235,62.08,80.6,43.6,0.0
08221099999,"ADOLFO SUAREZ MADRID BARAJAS, ES",236,62.07,88.8,34.1,13.79
16230099999,"PESCARA, IT",236,62.02,86.5,41.2,11.15
16337099999,"BONIFATI CAPE, IT",221,62.0,94.2,40.5,8.27
16172099999,"AREZZO, IT",212,61.99,84.9,40.0,0.0
16259399999,"BRESCIA MONTICHIARI, IT",236,61.97,88.8,32.6,0.0
14442099999,"KNIN, HR",236,61.96,90.7,33.5,20.49
16310099999,"CAPE PALINURO, IT",21,61.9,68.2,57.7,0.0
08544099999,"OVAR MACEDA, PO",234,61.86,79.2,43.3,27.68
16191099999,"ANCONA FALCONARA, IT",236,61.83,85.0,39.0,16.72
16140099999,"BOLOGNA, IT",236,61.8,87.2,33.3,14.27
14431099999,"ZADAR, HR",236,61.75,91.4,34.8,20.63
07754099999,"CALVI SAINTE CATHERINE, FR",196,61.72,88.7,43.7,0.05
08219099999,"MADRI COLMENAR, SP",236,61.69,93.3,33.6,0.0
15712099999,"SANDANSKI, BU",236,61.68,91.7,30.8,7.25
08025099999,"BILBAO, SP",236,61.67,89.6,39.1,20.72
07629399999,"MURET LHERM, FR",236,61.65,94.7,32.6,0.0
16314099999,"MATERA, IT",230,61.58,90.1,38.1,14.2
08451599999,"LLEIDA ALGUAIRE AIRPORT, SP",236,61.58,87.6,32.2,0.0
08029099999,"SAN SEBASTIAN, SP",236,61.53,85.3,37.4,39.26
16080099999,"MILANO LINATE, IT",236,61.49,87.1,31.7,16.0
07635099999,"CARCASSONNE SALVAZA, FR",236,61.47,87.7,33.5,0.63
08226099999,"GUADALAJARA, SP",234,61.47,88.3,35.0,18.34
11260099999,"MALLNITZ BAD, AU",4,61.45,68.3,51.3,0.0
17060099999,"ATATURK, TU",236,61.45,88.5,31.5,9.01
16149099999,"RIMINI MIRAMARE, IT",236,61.45,86.5,34.1,17.46
10775099999,"HOHENFELS ARMY AIR FIELD, GM",111,61.34,78.9,27.7,6.2
08044099999,"PONTEVEDRA, SP",236,61.33,81.7,42.7,35.68
08227099999,"TORREJON, SP",236,61.26,87.9,33.3,0.0
07630099999,"TOULOUSE BLAGNAC, FR",236,61.25,89.4,30.7,0.79
16312099999,"GIOIA DEL COLLE, IT",236,61.24,87.9,40.1,11.42
16099099999,"TREVISO, IT",236,61.22,86.3,34.2,25.09
08280099999,"ALBACETE, SP",236,61.22,87.3,31.1,12.27
16181099999,"PERUGIA S FRANCESCO, IT",236,61.18,84.3,37.8,0.0
08014299999,"BARDENAS REALES, SP",236,61.17,90.4,34.4,0.0
14537099999,"SANSKI MOST, BK",228,61.16,89.2,28.2,22.09
02605099999,"HALLANDS VADERO, SW",27,61.11,67.7,48.0,1.21
16036099999,"AVIANO AB, IT",194,60.99,86.9,33.5,30.98
17063099999,"SABIHA GOKCEN, TU",236,60.91,89.3,30.4,12.62
08545099999,"PORTO, PO",236,60.91,81.6,44.1,0.0
16090099999,"VERONA VILLAFRANCA, IT",236,60.9,86.3,32.3,18.66
14554099999,"GRADACAC, BK",212,60.89,93.1,26.2,14.94
16108099999,"RONCHI DEI LEGIONARI TRIESTE, IT",236,60.88,86.4,34.6,28.03
14105099999,"PORTOROZ, SI",236,60.86,86.0,34.7,24.11
14307099999,"PULA, HR",236,60.85,86.0,36.2,22.08
16105099999,"VENEZIA TESSERA, IT",236,60.83,86.5,34.9,19.48
16434099999,"PRIZZI, IT",188,60.77,87.0,38.0,0.83
07602099999,"ANGLET BIARRITZ PAYS BASQUE, FR",236,60.73,83.9,34.3,2.6
08540099999,"MONTE REAL, PO",236,60.67,77.4,41.5,21.56
16020099999,"BOLZANO, IT",236,60.58,86.2,29.4,16.87
08184099999,"GIRONA, SP",236,60.55,83.3,36.2,19.38
14106099999,"NOVA GORICA, SI",227,60.47,85.0,33.5,34.43
16110099999,"TRIESTE, IT",144,60.47,86.8,36.0,2.18
16252099999,"CAMPOBASSO, IT",158,60.45,84.6,31.2,8.86
16088099999,"GHEDI, IT",236,60.42,85.3,32.3,21.26
07510099999,"BORDEAUX MERIGNAC, FR",236,60.42,85.9,30.4,2.57
07603099999,"DAX SEYRESSE, FR",236,60.4,83.5,32.8,2.69
08001099999,"LA CORUNA, SP",236,60.39,75.1,46.4,27.66
07374099999,"VICHY CHARMEIL, FR",235,60.38,91.7,27.3,1.1
16098099999,"TREVISO ISTRANA, IT",236,60.36,85.3,32.8,13.9
16693199999,"DESFINA, GR",229,60.35,87.8,32.5,0.0
08021099999,"SANTANDER, SP",236,60.35,79.5,40.0,19.16
14236099999,"ZAGREB GRIC, HR",236,60.33,89.2,28.6,18.49
13586099999,"SKOPJE, MK",236,60.31,89.5,28.0,9.1
17052099999,"KIRKLARELI, TU",236,60.26,88.2,27.5,9.91
17038099999,"TRABZON, TU",236,60.25,83.7,32.7,13.97
16642099999,"IOANNINA AIRPORT, GR",236,60.24,88.8,36.5,13.36
16618199999,"EDESSA, GR",229,60.17,87.0,31.8,0.0
08023099999,"SANTANDER, SP",236,60.15,77.4,42.3,18.76
16076099999,"BERGAMO ORIO AL SERIO, IT",236,60.13,86.0,33.5,35.91
07260099999,"NEVERS FOURCHAMBAULT, FR",236,60.12,91.8,28.1,2.2
16059099999,"TORINO CASELLE, IT",236,60.11,84.9,32.3,24.62
07151599999,"CASTRES MAZAMET, FR",236,60.06,87.7,28.1,0.0
16045099999,"RIVOLTO UDINE, IT",236,60.03,83.4,31.3,29.74
17026099999,"SINOP, TU",236,60.02,86.4,32.4,11.02
16232099999,"TERMOLI, IT",158,60.01,79.2,47.5,5.93
08130099999,"ZAMORA, SP",235,59.99,87.7,31.6,11.09
17034099999,"GIRESUN, TU",236,59.98,84.3,31.3,26.42
17056099999,"TEKIRDAG, TU",236,59.97,84.5,30.2,7.91
08231099999,"CUENCA, SP",236,59.96,85.6,34.7,14.14
07412099999,"COGNAC CHATEAUBERNARD, FR",236,59.95,88.2,32.1,2.44
17042099999,"HOPA, TU",236,59.91,82.8,31.7,41.04
13274099999,"BEOGRAD, RI",236,59.88,88.5,27.7,13.97
08094099999,"HUESCA PIRINEOS, SP",236,59.87,88.6,30.3,13.23
13599099999,"KAVADARCI, MK",230,59.79,89.2,29.7,8.06
13588099999,"SKOPJE ZAJCEV RID, MK",226,59.77,92.6,29.6,5.08
15525799999,"BALCHICK AB, BU",160,59.76,89.4,21.5,0.0
08045099999,"VIGO, SP",236,59.73,81.0,40.9,47.03
17030099999,"SAMSUN, TU",236,59.72,83.8,30.0,20.29
02628099999,"HANO, SW",2,59.7,63.2,56.2,0.11
07607099999,"MONT DE MARSAN, FR",236,59.64,85.9,29.2,1.77
16280099999,"PONZA ISLAND, IT",148,59.63,78.4,47.9,0.0
06069099999,"FOULUM, DA",100,59.63,71.2,46.0,0.0
17040099999,"RIZE, TU",236,59.61,84.8,32.0,39.56
07610099999,"PAU PYRENEES, FR",236,59.6,83.5,29.9,2.06
07524099999,"AGEN LA GARENNE, FR",231,59.49,91.4,28.3,1.2
17033099999,"ORDU, TU",236,59.41,83.8,30.5,20.57
07502099999,"CAZAUX, FR",235,59.41,85.5,30.3,2.37
13595099999,"STRUMICA, MK",232,59.37,91.4,29.0,12.14
08053099999,"PONFERRADA, SP",226,59.35,86.6,29.2,12.21
16066099999,"MALPENSA, IT",236,59.33,84.5,29.9,32.7
13610099999,"KUKES INTERNATIONIONAL AIRPORT, AL",236,59.26,88.5,30.3,14.23
07420099999,"CHAMPNIERS, FR",236,59.24,87.3,30.7,2.89
17061099999,"SARIYER, TU",236,59.23,84.9,31.0,13.6
15625099999,"PLOVDIV, BU",236,59.22,89.8,25.6,0.0
15410099999,"DROBETA TURNU SEVERIN, RO",236,59.22,88.0,26.5,10.41
16450099999,"ENNA, IT",232,59.14,88.6,39.4,6.03
16115099999,"MALANOTTE MOUNTAIN, IT",219,59.12,84.1,34.7,0.0
14308099999,"PAZIN, HR",236,59.12,86.9,31.3,31.05
14544099999,"BUGOJNO, BK",230,59.11,89.4,20.1,17.43
13591099999,"STIP, MK",233,59.05,91.4,27.3,9.8
15482099999,"CALAFAT, RO",236,59.03,89.7,22.8,7.57
17054099999,"CORLU, TU",236,59.01,87.0,27.6,0.0
16114099999,"MONDOVI, IT",219,59.01,83.9,34.5,13.69
07317099999,"BISCAROSSE PARENTIS, FR",236,58.95,85.4,33.7,0.0
07480099999,"LYON BRON, FR",236,58.93,86.2,25.9,0.7
17022099999,"ZONGULDAK CAYCUMA, TR",236,58.92,84.7,28.1,18.97
11016299999,"LUGPLATZ VOSLAU, AU",232,58.88,88.6,25.9,0.0
07481099999,"LYON SAINT EXUPERY, FR",236,58.88,87.0,25.0,0.99
15640099999,"SLIVEN, BU",236,58.82,87.8,24.7,8.43
14240099999,"ZAGREB\MAKSIMIR, HR",236,58.81,87.6,28.0,19.37
08141099999,"VALLADOLID, SP",236,58.8,87.6,31.2,13.73
13459099999,"NIKSIC, MJ",236,58.8,87.7,32.0,24.29
07530099999,"ROUMANIERE BERGERAC DORDOGNE PERIGORD, FR",236,58.76,85.6,27.1,1.4
14382099999,"GRADISTE, HR",236,58.76,87.8,27.0,19.76
13388099999,"NIS, RI",236,58.73,89.0,24.1,7.48
08027099999,"SAN SEBASTIAN IGUELDO, SP",235,58.73,82.7,36.9,31.83
13295099999,"NEGOTIN, RI",236,58.72,87.3,23.0,8.21
06760099999,"LOCARNO MONTI, CH",236,58.72,82.0,33.7,48.36
15525599999,"GRAF IGNATIEVO, BU",234,58.71,88.4,25.0,0.0
16710099999,"TRIPOLIS, GR",236,58.7,85.5,33.3,13.08
08002099999,"A CORUNA, SP",236,58.68,75.0,40.9,24.1
14542099999,"BANJA LUKA, BK",236,58.65,86.5,27.5,26.17
16231099999,"MONTE S. ANGELO, IT",236,58.62,83.2,34.1,14.75
14280099999,"OSIJEK CEPIN, HR",236,58.61,87.9,27.5,22.03
07316099999,"LA ROCHELLE ILE DE RE, FR",236,58.57,85.1,31.6,0.1
08084099999,"LOGRONO AGONCILLO, SP",236,58.56,84.9,33.1,11.26
08011099999,"ASTURIAS, SP",236,58.56,73.5,41.5,19.49
15525499999,"DOLNA MITROPOLIA AB, BU",234,58.54,90.6,18.5,0.0
15730099999,"KURDJALI, BU",236,58.53,87.1,25.1,11.78
14640099999,"LIVNO, BK",224,58.49,87.4,22.7,21.45
14370099999,"SLAVONSKI BROD, HR",236,58.44,86.3,27.3,18.87
15422099999,"BUCURESTI FILARET, RO",236,58.4,88.9,21.6,13.86
13461599999,"OHRID AERODROME, MK",230,58.39,84.1,27.4,7.41
14253099999,"BJELOVAR, HR",236,58.38,84.0,27.4,16.68
16168099999,"MOUNT ARGENTARIO, IT",209,58.37,85.5,35.5,0.0
13272099999,"BEOGRAD, RI",236,58.36,86.5,27.1,11.66
14256099999,"BILOGORA, HR",236,58.35,87.8,26.8,24.9
13594099999,"VINICA PGC, MK",231,58.33,88.9,24.6,14.73
06770099999,"LUGANO, CH",236,58.31,82.2,30.5,46.14
15388099999,"MOLDOVA VECHE, RO",236,58.31,87.0,27.2,11.69
14258099999,"DARUVAR, HR",236,58.3,85.6,25.5,16.32
16632099999,"FILIPPOS, GR",236,58.29,87.9,28.3,11.38
03633399999,"GLOUCESTERSHIRE, UK",235,58.29,84.8,28.9,0.0
16179099999,"FRONTONE, IT",228,58.28,83.9,32.0,12.06
15525699999,"BEZMER AB, BU",234,58.23,88.8,18.7,0.0
07428099999,"PERIGUEUX BASSILLAC, FR",235,58.22,90.7,27.3,0.0
15525099999,"LOVETCH, BU",236,58.21,90.1,19.2,9.51
13278099999,"KRAGUJEVAC, RI",236,58.12,87.1,23.8,11.03
07168099999,"TROYES BARBEREY, FR",232,58.11,92.6,25.5,1.75
07621099999,"TARBES LOURDES PYRENEES, FR",236,58.1,86.5,30.2,1.55
15460099999,"CALARASI, RO",236,58.1,89.9,9.7,11.98
16054099999,"AOSTA POLLEIN, IT",205,58.1,91.2,24.4,0.0
17031099999,"CARSAMBA, TU",236,58.08,82.6,29.5,15.01
15465099999,"BAILESTI, RO",236,58.03,90.5,23.9,6.38
13183099999,"VRSAC, RI",236,58.01,87.4,23.5,5.75
13619099999,"PESHKOPI, AL",236,58.01,84.4,27.8,13.8
03800099999,"SCILLY ST. MARY S, UK",156,57.97,72.0,33.0,6.79
13383099999,"KRUSEVAC, RI",236,57.96,86.9,22.6,10.5
15498099999,"ZIMNICEA, RO",236,57.94,90.5,12.0,8.75
15469099999,"CARACAL, RO",236,57.93,89.9,19.5,7.67
13384099999,"CUPRIJA, RI",236,57.91,87.4,22.0,9.82
15490099999,"TURNU MAGURELE, RO",236,57.88,90.0,17.1,14.29
15491099999,"GIURGIU, RO",236,57.88,91.0,14.6,10.21
03571599999,"CAMBRIDGE, UK",167,57.87,83.7,30.0,0.0
16258099999,"MONTE S. ANGELO, IT",180,57.87,83.5,31.0,3.12
07235099999,"LE MANS ARNAGE, FR",236,57.84,85.6,29.0,2.73
07491099999,"CHAMBERY AIX LES BAINS, FR",236,57.84,84.5,29.2,3.57
14232099999,"KARLOVAC, HR",236,57.83,87.0,27.0,27.02
07179034051,"TOUL ROSIERE, FR",234,57.82,85.0,25.5,0.0
13168099999,"NOVI SAD RIMSKI SANCEVI, RI",236,57.8,87.2,26.4,13.32
13180099999,"BANATSKI KARLOVAC, RI",236,57.79,89.0,23.9,9.86
13262099999,"LOZNICA, RI",236,57.78,85.8,26.9,19.53
16008099999,"S. VALENTINO ALLA MUTA, IT",97,57.75,75.7,42.3,0.0
08042099999,"SANTIAGO, SP",236,57.75,79.9,38.7,33.51
16008399999,"RESIA PASS, IT",97,57.72,76.2,42.2,0.0
15395099999,"DRAGASANI, RO",236,57.71,88.3,22.7,13.71
14244099999,"SISAK, HR",236,57.69,86.0,26.4,23.02
13269099999,"VALJEVO, RI",236,57.69,86.4,25.6,18.83
15494099999,"BECHET, RO",236,57.65,89.2,21.3,7.51
15420099999,"BANEASA AUREL VLAICU, RO",236,57.65,89.4,18.5,23.7
08085099999,"PAMPLONA, SP",236,57.64,84.3,32.7,17.52
15310099999,"GALATI, RO",236,57.64,88.4,22.0,8.89
13279099999,"SMEDEREVSKA PALANKA, RI",236,57.62,86.2,25.1,15.8
14528099999,"BIHAC, BK",147,57.61,88.9,25.4,20.75
15338099999,"ORAVITA, RO",236,57.6,86.5,23.7,16.57
15445099999,"CERNAVODA, RO",236,57.55,88.0,20.4,8.18
06762099999,"MAGADINO CADENAZZO, CH",236,57.55,79.7,30.7,50.53
11016599999,"WIENER NEUSTADT, AU",236,57.53,86.5,24.7,0.0
13272599999,"BEOGRAD BATAJNICA, RI",236,57.52,85.3,26.4,0.0
15480099999,"CONSTANTA, RO",236,57.52,83.9,27.6,4.04
17020099999,"BARTIN, TU",236,57.52,89.8,28.5,16.97
14234099999,"KRAPINA, HR",236,57.51,85.2,25.9,17.44
07160499999,"MORLAIX PLOUJEAN, FR",235,57.5,80.8,35.1,0.0
13173099999,"ZRENJANIN, RI",236,57.49,86.5,23.1,13.58
07335099999,"POITIERS BIARD, FR",236,57.47,86.1,28.6,3.09
07217099999,"SAINT NAZAIRE MONTOIR, FR",234,57.47,81.0,31.6,3.3
13583099999,"BITOLA, MK",233,57.45,86.3,21.5,9.05
16259299999,"LEVALDIGI, IT",236,57.44,81.8,30.0,0.0
16288099999,"CASERTA, IT",132,57.43,90.5,44.9,6.84
14248099999,"KRIZEVCI, HR",236,57.42,84.5,26.6,16.21
13578099999,"OHRID, MK",236,57.36,79.5,27.6,11.65
14246099999,"VARAZDIN, HR",236,57.36,85.1,27.7,17.6
13174099999,"KIKINDA, RI",236,57.36,87.0,25.3,10.9
15655099999,"BURGAS, BU",236,57.34,81.8,25.7,11.23
07460099999,"CLERMONT FERRAND AUVERGNE, FR",236,57.34,85.4,25.4,0.67
17024099999,"INEBOLU, TU",236,57.34,77.6,28.9,23.35
07255499999,"AVORD, FR",236,57.33,87.1,28.1,0.0
07306099999,"LA ROCHE SUR YON LES AJONCS, FR",236,57.32,84.4,29.6,4.02
13285099999,"VELIKO GRADISTE, RI",236,57.27,86.0,23.1,12.23
15406099999,"HARSOVA, RO",236,57.27,87.7,20.9,6.85
15444099999,"FETESTI, RO",236,57.26,87.9,15.7,16.06
15489099999,"ALEXANDRIA, RO",236,57.24,89.3,14.9,9.18
15552099999,"VARNA, BU",236,57.24,82.9,23.8,7.21
13629099999,"KORCA, AL",236,57.22,86.4,28.7,13.45
07240099999,"TOURS VAL DE LOIRE, FR",236,57.22,85.3,31.2,2.69
07072099999,"REIMS PRUNAY, FR",236,57.21,90.7,26.8,1.97
07222099999,"NANTES ATLANTIQUE, FR",236,57.2,84.0,29.5,3.47
14120099999,"CRNOMELJ, SI",236,57.19,87.0,26.6,33.43
15450099999,"CRAIOVA, RO",236,57.17,89.5,21.6,6.96
15350099999,"BUZAU, RO",236,57.16,87.8,20.3,9.79
13590099999,"GURISTE PGC, MK",210,57.13,96.7,19.7,2.88
07149099999,"ORLY, FR",236,57.13,86.8,29.8,1.85
15470099999,"ROSIORII DE VEDE, RO",236,57.12,89.5,16.7,19.07
08202099999,"SALAMANCA, SP",235,57.1,80.7,29.4,12.76
15421099999,"HENRI COANDA, RO",236,57.09,87.5,16.2,13.9
15402099999,"URZICENI, RO",236,57.08,88.4,12.5,17.49
15434099999,"SLATINA, RO",236,57.08,88.9,20.5,11.67
11034099999,"WIEN INNERE STADT, AU",236,57.04,83.2,27.0,13.66
07434099999,"LIMOGES BELLEGARDE, FR",236,57.03,85.8,29.7,2.76
14241099999,"ZAGREB, HR",236,57.03,85.7,26.8,17.04
07354034048,"CHATEAUROUX, FR",234,57.02,85.5,27.0,2.77
15462099999,"MEDGIDIA, RO",236,57.01,87.3,21.0,4.04
15525399999,"GORNA ORYAHOVITSA, BU",236,57.01,88.0,14.6,0.0
08511099999,"ANGRA DO HEROISMO ACORES, PO",6,57.0,59.3,55.1,0.44
15428099999,"GURA PORTITEI, RO",236,56.95,80.9,26.3,5.82
13266099999,"SREMSKA MITROVICA, RI",236,56.94,84.8,24.5,11.47
15199099999,"SANNICOLAU MARE, RO",236,56.94,86.4,27.1,8.94
16317099999,"LATRONICO, IT",236,56.93,86.6,31.6,0.0
15475099999,"OLTENITA, RO",236,56.93,89.1,7.8,18.8
15455099999,"VIDELE, RO",236,56.93,88.5,16.1,9.31
15502099999,"VIDIN, BU",236,56.91,85.2,20.4,8.92
16316099999,"LATRONICO, IT",236,56.89,86.2,31.3,12.37
13067099999,"PALIC, RI",236,56.86,86.6,25.6,13.45
13160099999,"SOMBOR, RI",236,56.86,85.2,25.7,13.14
15333099999,"BRAILA, RO",236,56.85,84.9,21.6,10.56
15289099999,"BANLOC, RO",236,56.85,84.8,25.9,10.16
15307099999,"RAMNICU SARAT, RO",236,56.83,86.9,20.2,15.97
15270099999,"LUGOJ, RO",236,56.83,83.9,25.3,9.87
15336099999,"GORGOVA, RO",236,56.83,82.8,24.1,5.59
07390199999,"ANGERS MARCE, FR",236,56.82,84.0,28.1,2.79
15479099999,"ADAMCLISI, RO",236,56.81,87.6,19.4,15.25
14284099999,"OSIJEK, HR",236,56.81,86.5,27.1,13.54
15200099999,"ARAD, RO",236,56.79,85.9,25.7,9.74
16263099999,"TREVICO, IT",109,56.79,75.2,31.7,1.23
15080099999,"ORADEA, RO",236,56.79,85.1,25.6,10.31
07150099999,"LE BOURGET, FR",236,56.79,87.4,29.3,2.0
15346099999,"RAMNICU VALCEA, RO",236,56.79,87.0,23.6,11.51
15245099999,"JIMBOLIA, RO",236,56.79,85.4,25.4,9.92
11242099999,"ST RADEGUND, AU",3,56.77,77.0,32.9,0.0
15335099999,"CATALOI TULCEA, RO",236,56.75,87.3,23.7,5.11
15412099999,"BACLES, RO",236,56.71,86.8,22.3,8.52
15264099999,"FOCSANI, RO",236,56.71,85.9,22.2,10.31
13389099999,"LESKOVAC, RI",236,56.7,87.3,20.5,10.03
13571099999,"TETOVO, MK",233,56.68,87.2,27.0,12.57
13242099999,"BANJA LUKA, BK",236,56.68,84.3,24.1,0.0
15340099999,"TARGU JIU, RO",236,56.67,85.9,23.5,9.85
14654099999,"SARAJEVO BJELAVE, BK",235,56.66,83.6,22.8,19.92
15549099999,"RAZGRAD, BU",236,56.64,87.1,18.5,11.19
07255399999,"DOLE TAVAUX, FR",236,56.63,83.7,27.4,0.0
15425099999,"SLOBOZIA, RO",236,56.62,87.6,13.6,23.49
12860099999,"SZOLNOK, HU",236,56.61,85.5,25.1,0.0
14015099999,"LJUBLJANA BEZIGRAD, SI",236,56.61,83.9,28.5,30.54
07247099999,"ROMORANTIN PRUNIERS, FR",232,56.6,85.4,26.4,2.54
10729099999,"MANNHEIM CITY, GM",236,56.58,86.8,28.5,0.0
14328099999,"OGULIN, HR",236,56.55,85.0,24.8,37.65
15499099999,"MANGALIA, RO",236,56.53,79.1,24.5,3.39
03865099999,"SOUTHAMPTON, UK",236,56.48,79.4,31.7,0.0
07157099999,"CHARLES DE GAULLE, FR",236,56.47,88.2,29.1,2.28
06700099999,"GENEVA COINTRIN, CH",236,56.44,81.4,27.9,17.18
12970099999,"KECSKEMET, HU",236,56.43,86.1,24.9,0.0
07471099999,"LE PUY LOUDES, FR",236,56.42,86.7,21.6,0.46
06771099999,"STABIO, CH",232,56.42,80.3,28.0,53.87
07280099999,"DIJON LONGVIC, FR",234,56.41,84.9,25.6,1.56
16061099999,"TORINO BRIC CROCE, IT",234,56.41,82.3,31.0,18.25
07486099999,"SAINT GEOIRS GRENOBLE ALPES ISERE, FR",236,56.4,84.1,25.9,1.18
07130099999,"RENNES SAINT JACQUES, FR",236,56.35,83.2,29.3,2.35
15366099999,"BAILE HERCULANE, RO",236,56.34,82.9,25.0,15.23
07475099999,"BOUTHEON SAINT ETIENNE LOIRE, FR",236,56.33,84.8,23.6,0.31
15247099999,"TRAIAN VUIA, RO",236,56.33,85.3,25.1,9.23
12942099999,"PECS SOUTH, HU",236,56.29,85.6,25.1,0.0
14549099999,"ZENICA, BK",232,56.27,82.8,24.6,10.2
11332099999,"MISTELBACH, AU",207,56.26,85.5,24.2,0.0
15337099999,"MAHMUDIA, RO",236,56.26,84.6,21.9,4.74
03557399999,"CRANFIELD, UK",224,56.24,82.0,28.9,0.0
07490099999,"ANNECY MEYTHET, FR",236,56.24,82.4,29.4,3.87
15042099999,"SACUIENI, RO",236,56.23,83.3,25.4,11.83
13376099999,"KRALJEVO, RI",236,56.22,84.9,23.5,13.33
13014599999,"CERKLJE OB KRKI, SI",236,56.22,84.1,26.2,0.0
08008099999,"LUGO ROZAS, SP",236,56.22,79.2,31.5,27.04
07118099999,"LANNION, FR",236,56.2,79.7,32.9,4.35
13489099999,"VRANJE, RI",236,56.18,86.5,22.3,10.91
14122099999,"CERKLJE OB KRKI, SI",236,56.18,84.5,26.1,22.55
03414599999,"COSFORD, UK",118,56.16,76.2,28.8,0.0
13585099999,"PRILEP, MK",233,56.14,86.6,22.6,11.74
13581099999,"TOPOLCANI PGC, MK",229,56.14,86.9,20.1,9.52
15481099999,"MIHAIL KOGALNICEANU, RO",236,56.13,85.2,23.3,0.0
15360099999,"SULINA, RO",236,56.13,79.9,26.8,3.17
07266099999,"AUXERRE BRANCHES, FR",236,56.12,89.5,26.1,1.71
13575099999,"POZARANE PGC, MK",203,56.12,83.1,22.1,12.39
07379099999,"SAINT YAN, FR",236,56.08,83.8,24.1,1.18
14543099999,"JAJCE, BK",236,56.07,82.2,26.4,24.53
08140099999,"VALLADOLID, SP",236,56.07,84.3,30.4,13.85
11423399999,"KUNOVICE, EZ",196,56.06,85.1,28.8,0.0
07169099999,"SAINT DIZIER ROBINSON, FR",235,56.06,83.8,25.7,0.0
15409099999,"JURILOVCA, RO",236,56.06,81.4,23.6,4.32
06711099999,"PULLY, CH",232,56.05,82.1,28.3,25.28
15405099999,"GRIVITA, RO",236,56.05,85.9,13.0,11.73
15419099999,"TITU, RO",236,56.04,85.5,17.5,13.6
15179099999,"SIRIA, RO",236,56.03,87.8,21.8,12.34
07190099999,"STRASBOURG ENTZHEIM, FR",236,56.02,83.7,28.4,1.9
15136099999,"CHISINEU CRIS, RO",236,56.0,84.7,25.4,8.77
11193099999,"BAD TATZMANNSDORF, AU",207,56.0,81.8,24.4,0.0
13580099999,"PRETOR PGC, MK",228,55.99,88.5,25.8,7.76
15416099999,"STOLNICI, RO",236,55.98,88.3,16.3,11.47
15314099999,"RESITA, RO",236,55.97,83.1,23.7,13.94
15387099999,"SFANTU GHEORGHE DELTA, RO",236,55.94,81.7,25.6,4.57
15265099999,"TECUCI, RO",236,55.92,84.7,21.6,7.58
07134099999,"LAVAL ETRONNIER, FR",236,55.89,83.0,28.9,3.27
15292099999,"CARANSEBES, RO",236,55.88,83.5,23.5,13.28
14121099999,"NOVO MESTO, SI",236,55.87,82.8,26.7,27.93
08148099999,"SORIA, SP",231,55.85,81.6,32.9,15.62
06709099999,"BOUVERET, CH",236,55.84,79.4,30.3,0.0
17045099999,"ARTVIN, TU",236,55.83,87.9,25.0,14.24
07153099999,"MELUN VILLAROCHE, FR",233,55.82,85.7,28.4,1.56
06715099999,"EVIONNAZ, CH",236,55.82,83.2,28.0,21.41
07205099999,"LORIENT LANN BIHOUE, FR",236,55.79,78.5,31.5,2.62
03770099999,"ST JAMES PARK, UK",223,55.79,81.4,31.4,10.65
06720099999,"SION, CH",236,55.79,81.2,26.7,13.84
15377099999,"PLOIESTI, RO",236,55.79,86.0,15.2,20.1
15117099999,"HOLOD, RO",236,55.79,83.6,23.7,11.06
07146099999,"TOUSSUS LE NOBLE PARIS SACLAY VERSAILLES, FR",236,55.78,86.8,28.9,1.8
07109099999,"LANVEOC POULMIC, FR",235,55.78,78.4,35.8,3.71
08080099999,"VITORIA, SP",236,55.78,81.9,32.2,16.22
07552099999,"MARCILLAC RODEZ AVEYRON, FR",236,55.76,82.4,23.1,1.96
15373099999,"PITESTI, RO",236,55.76,85.7,20.3,14.22
03768399999,"LONDON CITY, GB",236,55.76,81.1,31.6,0.0
10633099999,"WIESBADEN ARMY AIR FIELD, GM",235,55.75,85.1,28.2,7.69
07249099999,"ORLEANS BRICY, FR",236,55.74,86.0,27.8,1.74
07147099999,"VILLACOUBLAY VELIZY, FR",236,55.72,86.8,29.4,1.77
03018099999,"WOODVALE, UK",156,55.72,76.5,33.6,0.0
10805099999,"LAHR, GM",236,55.72,83.4,26.9,0.0
13493099999,"KRIVA PALANKA, MK",233,55.68,85.9,25.1,11.62
11858099999,"HURBANOVO, LO",236,55.66,83.2,25.1,11.96
06752099999,"CEVIO, CH",236,55.63,77.6,28.9,41.87
07768099999,"LA CHIAPPA, FR",13,55.61,59.1,47.9,0.45
03772099999,"LONDON HEATHROW, GB",236,55.61,81.8,29.7,0.05
07201099999,"QUIMPER PLUGUFFAN, FR",236,55.59,78.7,33.1,3.42
15208099999,"ALBA IULIA, RO",236,55.56,83.8,20.2,9.72
12839099999,"FERIHEGY BUDAPEST LISZT FERENC INTERNATIONAL, HU",236,55.53,84.9,23.5,0.0
16133099999,"FERRARA, IT",1,55.5,55.5,55.5,0.0
13481199999,"PRISTINA, XK",236,55.47,84.1,22.6,0.0
03803099999,"SCILLY SAINT MARY S, UK",236,55.46,68.2,42.2,1.11
07299099999,"BALE MULHOUSE, FR",236,55.45,84.1,25.6,1.72
14026099999,"MARIBOR, SI",236,55.45,81.0,26.8,23.09
11395099999,"ANDAU, AU",232,55.44,81.5,26.1,13.2
06705099999,"NYON CHANGINS, CH",232,55.43,82.4,27.9,17.98
12860599999,"BALATON, HU",236,55.41,83.0,26.4,0.0
07775099999,"ALISTRO, FR",15,55.4,61.7,46.0,0.07
10637099999,"FRANKFURT MAIN, GM",236,55.39,85.0,28.0,0.0
12882099999,"DEBRECEN, HU",236,55.35,82.2,25.5,0.0
11296099999,"LEIBNITZ, AU",236,55.32,82.0,25.6,4.35
14031099999,"MURSKA SOBOTA, SI",236,55.29,80.9,25.3,15.71
15408099999,"CORUGEA, RO",236,55.27,84.8,21.4,9.72
07210099999,"VANNES SENE, FR",236,55.22,78.3,29.5,0.0
06601099999,"BASEL BINNINGEN, CH",232,55.21,82.9,26.9,20.89
06604099999,"NEUCHATEL AUT, CH",236,55.2,81.1,28.0,23.72
11190099999,"EISENSTADT, AU",236,55.19,80.4,26.2,0.45
13397099999,"DIMITROVGRAD, RI",236,55.18,85.2,17.3,15.2
03806099999,"LANDS END AIRPORT, UK",201,55.18,77.6,38.1,0.0
15138099999,"DUMBRAVITA DE CODRU, RO",236,55.18,86.3,23.2,14.2
10727599999,"KARLSRUHE BADEN BADEN, GM",236,55.18,83.6,27.7,0.0
12825099999,"PAPA, HU",236,55.18,83.2,24.9,0.0
11816099999,"M R STEFANIK, LO",236,55.16,81.7,25.3,13.08
11035099999,"WIEN HOHE WARTE, AU",236,55.16,81.3,26.3,11.05
15197099999,"BARLAD, RO",236,55.13,84.3,19.5,9.38
15182099999,"GURAHONT, RO",236,55.13,81.0,24.0,11.56
03839099999,"EXETER, UK",236,55.12,73.9,29.7,0.0
12105199999,"BABICE WARSZAWA BABICE, PL",234,55.1,83.6,20.2,0.0
14023099999,"CELJE, SI",236,55.1,82.7,25.6,24.21
14557099999,"TUZLA, BK",236,55.07,81.0,21.8,17.97
07180099999,"NANCY ESSEY, FR",236,55.04,83.1,27.3,2.14
16613099999,"FLORINA, GR",229,55.02,83.7,23.3,0.63
11040099999,"WIEN UNTERLAA, AU",236,55.01,81.1,25.8,11.21
15063099999,"ZALAU, RO",236,55.0,81.7,23.5,12.76
13020099999,"ROGLA, SI",99,54.99,71.1,35.5,0.0
07125099999,"DINARD PLEURTUIT SAINT MALO, FR",236,54.99,79.7,31.3,2.75
15231099999,"SEBES ALBA, RO",236,54.98,83.4,19.3,9.28
07292099999,"LUXEUIL SAINT SAUVEUR, FR",236,54.98,83.0,24.3,3.24
07015099999,"LILLE LESQUIN, FR",236,54.95,84.4,29.1,1.78
15375099999,"TARGOVISTE, RO",236,54.91,84.5,16.9,14.51
14330099999,"GOSPIC, HR",236,54.89,78.2,21.8,28.41
06712099999,"AIGLE, CH",236,54.88,79.7,28.0,22.11
15160099999,"STEI, RO",236,54.88,81.3,22.0,14.01
15010099999,"SATU MARE, RO",236,54.85,81.2,24.8,12.97
11813099999,"BRATISLAVA LOLIBA, LO",236,54.81,84.1,25.5,15.49
15614099999,"SOFIA, BU",236,54.81,86.7,17.8,13.27
11037099999,"GROSSENZERSDORF, AU",232,54.8,80.4,26.0,11.43
06786099999,"CHUR, CH",232,54.8,78.4,28.0,18.25
15219099999,"ADJUD, RO",236,54.79,82.8,21.4,14.63
02983099999,"NURMIJARVI GEOPHSICAL OBSERVATORY, FI",146,54.79,74.9,29.7,0.36
06439099999,"SINT KATELIJNE WAVER, BE",236,54.79,84.1,29.8,14.84
06990099999,"VADUZ, LS",232,54.79,78.7,26.4,27.49
07093099999,"METZ NANCY LORRAINE, FR",236,54.79,84.5,26.0,2.47
07753099999,"ILE ROUSSE, FR",13,54.78,62.0,46.1,0.08
15090099999,"IASI, RO",236,54.78,83.1,19.3,11.36
10400099999,"DUSSELDORF, GM",236,54.77,83.3,27.8,0.0
07476599999,"PONTOISE CORMEILLES EN VEXIN, FR",236,54.77,82.8,28.7,0.0
11082099999,"GUMPOLDSKIRCHEN, AU",236,54.76,82.2,25.4,2.94
03891599999,"ALDERNEY, UK",235,54.76,75.3,37.2,0.0
11855099999,"NITRA, LO",236,54.76,80.5,23.5,15.28
06450099999,"DEURNE, BE",236,54.75,84.7,29.3,10.68
08417099999,"JAEN, SP",133,54.74,70.8,43.9,13.74
07038034061,"EVREUX FAUVILLE, FR",236,54.74,84.0,28.8,2.25
07182599999,"EPINAL MIRECOURT, FR",236,54.72,82.5,25.9,0.0
11213099999,"VILLACH, AU",236,54.72,81.9,24.4,1.47
08232099999,"MOLINA DE ARAGON, SP",236,54.7,78.8,25.1,10.61
11244099999,"BAD GLEICHENBERG, AU",236,54.7,80.3,25.4,0.55
06727099999,"VISP, CH",232,54.7,80.2,17.2,24.82
15056099999,"COTNARI, RO",236,54.7,82.4,18.5,11.46
02449099999,"ESKILSTUNA A, SW",1,54.7,54.7,54.7,0.0
11393099999,"LUTZMANNSBURG, AU",232,54.69,79.9,25.9,15.0
03672099999,"NORTHOLT, UK",236,54.69,80.0,27.1,0.04
15230099999,"DEVA, RO",236,54.69,81.0,21.8,10.69
03908499999,"LONDONDERRY EGLINTON, UK",235,54.68,79.1,32.7,0.0
07110099999,"GUIPAVAS BREST BRETAGNE, FR",236,54.67,76.0,35.2,4.8
03895099999,"JERSEY, UK",236,54.66,76.7,34.3,15.21
03691399999,"SOUTHEND, UK",234,54.66,80.1,28.8,0.0
06758099999,"GRONO, CH",225,54.62,77.4,27.3,39.44
07791099999,"CAPE SAGRO, FR",13,54.61,60.5,46.5,0.21
03583035034,"LAKENHEATH RAF, UK",236,54.6,77.4,27.2,6.31
06686099999,"BAD RAGAZ, CH",232,54.58,77.8,27.2,24.81
11856099999,"MOCHOVCE, LO",230,54.53,82.3,25.8,11.97
12822099999,"GYOR, HU",235,54.51,82.0,24.1,0.0
06447099999,"UCCLE, BE",236,54.51,84.8,29.6,15.08
11030099999,"TULLN, AU",236,54.5,80.1,26.5,15.16
08579099999,"LISBOA GAGO COUTINHO, PO",10,54.5,59.8,48.1,1.44
11036099999,"WIEN SCHWECHAT, AT",236,54.49,81.4,25.4,14.98
10500099999,"GEILENKIRCHEN, GM",236,54.49,84.2,26.4,0.0
14650099999,"IVAN SEDLO, BK",166,54.47,86.2,18.5,0.0
15344099999,"POLOVRAGI, RO",236,54.47,84.1,21.2,15.54
11298099999,"FELDBACH, AU",236,54.47,79.4,24.9,3.73
07165099999,"CHALONS VATRY, FR",236,54.46,84.7,24.9,0.0
10860099999,"INGOLSTADT MANCHING, GM",208,54.45,79.5,25.5,0.0
06269399999,"VLISSINGEN, NL",236,54.45,79.3,32.1,0.0
06465099999,"SCHAFFEN, BE",230,54.45,90.3,29.3,4.24
06756099999,"ACQUAROSSA COMPROVASCO, CH",236,54.44,76.0,29.1,36.72
13353099999,"SARAJEVO, BK",236,54.43,80.8,22.8,0.0
15014099999,"TAUTII MAGHERAUS MARAMURES, RO",236,54.42,80.1,23.4,14.42
11386099999,"KRUMBACH ID BUCKLIGEN WELT, AU",206,54.4,81.6,23.4,0.0
06380099999,"MAASTRICHT AACHEN, NL",236,54.39,85.0,28.5,12.09
11105099999,"FELDKIRCH, AU",232,54.39,78.9,25.5,29.71
06310099999,"VLISSINGEN, NL",236,54.38,79.1,32.1,9.54
06418099999,"ZEEBRUGGE, BE",235,54.35,78.0,31.5,17.04
03577035046,"MILDENHALL, UK",236,54.34,76.5,27.6,5.74
07181099999,"NANCY OCHEY, FR",235,54.33,81.8,26.1,2.52
08055099999,"LEON, SP",236,54.33,82.1,26.8,21.1
07106099999,"LANDIVISIAU, FR",234,54.32,74.5,34.4,4.99
07549099999,"AURILLAC, FR",236,54.29,79.4,21.1,2.32
11285099999,"DEUTSCHLANDSBERG, AU",236,54.28,80.3,23.7,5.69
07120099999,"SAINT BRIEUC ARMOR, FR",231,54.26,79.0,32.0,3.84
10513099999,"KOLN BONN, GM",236,54.25,81.2,27.7,0.0
06432599999,"CASTEAU HELI MET, BE",227,54.25,89.4,28.7,0.0
07028099999,"LE HAVRE OCTEVILLE, FR",236,54.23,79.9,31.2,3.57
11387099999,"SEIBERSDORF, AU",232,54.22,80.0,26.3,17.61
15328099999,"PATARLAGELE, RO",236,54.21,81.5,18.3,24.47
06451099999,"BRUSSELS NATIONAL, BE",236,54.21,84.1,29.9,13.24
06478099999,"LIEGE, BE",236,54.2,85.7,27.1,15.51
02347099999,"DELSBO, SW",1,54.2,54.2,54.2,0.0
06490199999,"SEMMERZAKE BAFB, BE",236,54.19,87.2,29.2,0.0
11060099999,"LINZ STADT, AU",236,54.18,80.2,25.1,20.34
07027099999,"CAEN CARPIQUET, FR",236,54.18,77.8,30.0,3.49
06477099999,"DIEPENBEEK, BE",236,54.18,82.7,29.3,14.11
03707099999,"CHIVENOR, UK",234,54.18,74.8,33.3,0.92
03894099999,"GUERNSEY, UK",236,54.16,74.5,38.0,14.0
03827099999,"PLYMOUTH MOUNTBATTE, UK",236,54.15,73.1,33.1,20.09
06370099999,"EINDHOVEN, NL",236,54.15,84.3,28.9,10.84
06610099999,"PAYERNE, CH",236,54.14,80.5,24.3,16.1
15025099999,"STANCA STEFANESTI, RO",236,54.13,82.7,19.8,9.31
15194099999,"TARGU OCNA, RO",236,54.13,80.6,20.2,15.98
06428099999,"SEMMERZAKE, BE",236,54.11,87.6,29.5,8.42
06606099999,"CRESSIER, CH",232,54.1,79.6,27.6,20.81
11240099999,"GRAZ, AU",236,54.08,80.7,23.8,17.11
10502099999,"NORVENICH, GM",236,54.08,83.1,26.9,0.0
15154099999,"VASLUI, RO",236,54.08,82.5,18.7,13.59
10437499999,"MONCHENGLADBACH, GM",236,54.07,80.5,28.4,0.0
06434099999,"MELLE, BE",236,54.07,81.9,30.1,12.7
15341099999,"APA NEAGRA, RO",236,54.05,81.5,20.6,18.15
11101099999,"BREGENZ, AU",236,54.04,78.9,26.4,34.13
11880099999,"DUDINCE, LO",236,54.04,82.1,22.2,12.88
06330099999,"HOEK VAN HOLLAND, NL",236,54.04,79.9,31.5,8.88
13370099999,"POZEGA UZICKA, RI",236,54.04,81.0,22.2,14.14
06319099999,"WESTDORPE, NL",236,54.04,81.2,30.2,10.46
06414099999,"BEITEM, BE",236,54.03,81.9,30.4,14.46
11390099999,"HARTBERG, AU",232,54.03,79.5,24.6,20.26
03872099999,"THORNEY ISLAND, UK",236,54.02,74.0,31.9,10.2
07055099999,"BEAUVAIS TILLE, FR",236,54.01,81.7,28.9,2.81
11182099999,"WIENER NEUSTADT, AU",236,54.01,79.8,24.5,17.66
11231099999,"KLAGENFURT CIV MIL, AU",236,54.0,82.2,23.2,18.77
03347599999,"SHEFFIELD CITY ST ATHAN, GB",236,54.0,80.8,33.2,0.0
15369099999,"TARGU LOGRESTI, RO",236,53.99,83.1,20.5,14.61
03953099999,"VALENTIA OBSERVATORY, EI",236,53.97,71.4,32.6,34.37
06672099999,"ALTDORF, CH",232,53.97,75.9,25.2,30.01
15345099999,"MORARESTI, RO",236,53.96,83.7,19.0,28.15
06464099999,"RETIE, BE",236,53.96,82.2,29.9,13.23
03346599999,"NEWQUAY CORNWALL, UK",236,53.96,72.1,36.5,0.0
11292099999,"LASSNITZHOEHE, AU",234,53.95,80.4,25.2,0.0
03853099999,"YEOVILTON, UK",236,53.93,74.8,28.7,0.28
06479099999,"KLEINE BROGEL, BE",236,53.92,87.4,29.1,0.22
03866099999,"WIGHT ST. CATHERINES POINT, UK",236,53.92,70.7,37.4,10.09
06240099999,"SCHIPHOL, NL",236,53.92,83.1,29.4,13.81
16344599999,"SCURO MOUNTAIN, IT",149,53.91,79.7,21.4,0.0
03776099999,"LONDON GATWICK, GB",236,53.91,77.7,28.5,0.0
12122099999,"WICKO MORSKIE, PL",6,53.9,62.1,45.9,0.0
06650099999,"LUZERN, CH",232,53.89,77.8,27.7,33.23
06377099999,"ELL AWS, NL",236,53.89,81.1,29.4,13.84
06344099999,"ROTTERDAM, NL",236,53.89,82.9,28.8,12.53
06458099999,"BEAUVECHAIN, BE",236,53.86,88.6,28.3,0.12
03649099999,"BRIZE NORTON, UK",236,53.85,77.9,25.5,0.12
03644099999,"FAIRFORD, UK",234,53.84,77.0,26.5,6.93
15150099999,"GEORGE ENESCU BACAU INTERNATIONAL, RO",236,53.84,81.3,20.9,18.11
16614099999,"ARISTOTELIS, GR",185,53.82,89.6,29.8,7.12
03962099999,"SHANNON, EI",236,53.82,73.4,28.6,23.35
06323099999,"WILHELMINADORP AWS, NL",236,53.81,80.8,31.3,11.24
14014099999,"LJUBLJANA, SI",236,53.8,79.8,25.1,30.36
16119099999,"GIOVI PASS, IT",122,53.8,70.8,33.2,0.0
15020099999,"BOTOSANI, RO",236,53.8,82.7,18.4,15.81
16344099999,"MONTE SCURO, IT",149,53.8,79.6,22.0,13.69
15095099999,"BOROD, RO",236,53.8,79.8,21.4,11.94
15209099999,"BLAJ, RO",236,53.8,80.0,19.4,12.9
03716099999,"ST ATHAN, UK",234,53.78,74.9,33.6,15.23
06375099999,"VOLKEL, NL",235,53.78,82.8,28.4,12.09
03214599999,"WARTON, UK",163,53.77,75.5,27.3,0.0
07317599999,"ALBERT BRAY, FR",236,53.77,81.8,29.5,0.0
08546099999,"PORTO SERRA DO PILAR, PO",95,53.77,70.0,42.3,17.26
03749099999,"MIDDLE WALLOP, UK",236,53.77,75.3,30.6,13.17
06609999999,"DUBENDORF, CH",236,53.76,79.1,25.4,0.0
06806599999,"BUOCHS AIRPORT STANS, CH",236,53.76,77.1,28.2,0.0
11085099999,"ZWERNDORF MARCHEGG, AU",232,53.75,78.7,24.5,10.72
03857099999,"ISLE OF PORTLAND, UK",236,53.74,68.6,38.6,10.52
15044099999,"SUPURU DE JOS, RO",236,53.73,79.5,19.7,12.96
11331099999,"KLAGENFURT FLUGHAFEFN, AU",232,53.73,82.3,22.9,16.95
06449099999,"BRUSSELS SOUTH, BE",236,53.72,85.1,27.7,17.11
06350099999,"GILZE RIJEN, NL",236,53.72,84.3,28.7,12.01
06646099999,"BEZNAU, CH",232,53.72,80.0,26.1,21.82
06674099999,"CHAM, CH",232,53.71,78.9,25.7,28.79
15143099999,"TURDA, RO",236,53.7,81.6,17.5,13.93
10000199999,"NIEDERRHEIN, GM",236,53.69,80.8,29.5,0.0
06340099999,"WOENSDRECHT, NL",236,53.69,83.7,28.6,10.75
10708099999,"SAARBRUCKEN, GM",236,53.68,82.3,26.7,0.0
10738099999,"STUTTGART, GM",236,53.67,80.7,25.3,0.0
03862099999,"BOURNEMOUTH, UK",236,53.67,73.8,28.4,13.62
11070099999,"KREMS, AU",236,53.66,81.1,25.5,2.52
07003099999,"LE TOUQUET PARIS PLAGE LE TOUQUET ELIZABETH II, FR",236,53.66,75.6,29.2,2.73
06432099999,"SHAPE AIRFIELD AT CHIEVRES AB, BE",235,53.66,88.0,28.9,0.04
12892099999,"NYIREGYHAZA, HU",234,53.65,80.6,22.9,0.0
15204099999,"VARADIA DE MURES, RO",236,53.64,79.7,22.7,12.25
03808099999,"CAMBORNE, UK",236,53.63,72.1,37.0,20.71
11867099999,"PRIEVIDZA, LO",236,53.62,79.8,24.3,15.69
14010099999,"LESCE, SI",236,53.6,80.2,24.9,29.48
07031099999,"ST GATIEN DEAUVILLE NORMANDIE, FR",236,53.6,79.1,30.0,3.72
06618099999,"MATHOD, CH",232,53.59,78.5,26.9,19.77
15165099999,"TARNAVENI, RO",236,53.58,80.2,21.0,13.46
06673099999,"WAEDENSWIL, CH",232,53.58,78.0,26.6,33.62
06472099999,"HUMAIN, BE",217,53.57,80.9,28.0,18.34
03951099999,"SHERKIN ISLAND, EI",236,53.57,66.4,34.7,7.35
03809099999,"CULDROSE, UK",236,53.56,70.5,34.4,0.2
03768099999,"FARNBOROUGH, UK",236,53.56,78.3,25.9,0.0
15364099999,"BOZOVICI, RO",236,53.55,80.6,21.5,10.18
15123099999,"SARMASU, RO",236,53.55,80.3,20.7,13.43
11227099999,"FELDKIRCHEN, AU",236,53.54,79.6,23.6,4.67
06641099999,"MOEHLIN, CH",236,53.54,78.9,26.9,23.37
11022099999,"RETZ, AU",236,53.54,83.0,24.8,10.95
11927499999,"PIESTANY, LO",236,53.53,79.6,23.6,0.0
12312099999,"BABIMOST, PL",236,53.53,82.9,15.8,0.0
07037099999,"ROUEN VALLEE DE SEINE, FR",236,53.53,79.6,29.9,2.68
11032099999,"POYSDORF, AU",236,53.53,78.7,25.3,1.62
11801099999,"MALACKY, LO",235,53.53,82.4,23.6,15.74
06626099999,"GOESGEN, CH",232,53.52,79.3,25.8,25.11
06633099999,"BUCHS AARAU, CH",232,53.52,80.3,25.3,26.98
10416099999,"DORTMUND, GM",236,53.52,81.5,26.2,0.0
11819099999,"JASLOVSKE BOHUNICE, LO",234,53.52,79.5,26.5,13.99
03715099999,"CARDIFF, UK",236,53.51,75.9,33.3,0.0
03604099999,"MILFORD HAVEN CONSERVANCY BOARD, UK",236,53.5,73.4,35.7,19.95
11120099999,"INNSBRUCK, AU",236,53.47,76.9,24.0,21.83
03605099999,"PEMBRY SANDS, UK",236,53.45,72.7,32.7,17.92
11826099999,"PIESTANY, LO",236,53.45,79.6,23.1,12.75
15113099999,"NEGRESTI, RO",236,53.45,82.5,18.7,10.73
03114099999,"OBAN, UK",230,53.44,77.5,30.6,0.0
07678099999,"TOULON ILE DU LEVAN, FR",13,53.44,56.6,49.9,0.23
03761099999,"ODIHAM, UK",236,53.43,77.1,27.9,0.08
11927099999,"LUCENEC, LO",236,53.43,80.2,23.8,15.85
06660099999,"ZUERICH FLUNTERN, CH",236,53.43,79.1,25.3,31.1
06666099999,"LEIBSTADT, CH",232,53.43,80.2,25.9,23.99
03882099999,"HERSTMONCEUX WEST END, UK",236,53.42,74.5,31.0,0.76
11121099999,"INNSBRUCK FLUGHAFEN, AU",236,53.42,76.8,23.9,1.53
03766399999,"BIGGIN HILL, UK",236,53.41,78.9,29.0,0.0
11325099999,"JENBACH, AU",232,53.41,76.9,24.0,24.79
03316099999,"CROSBY, UK",236,53.41,74.6,29.4,0.43
06681199999,"ST GALLEN ALTENRHEIN, CH",236,53.41,78.0,26.1,0.0
03529099999,"PERSHORE, UK",236,53.4,76.3,24.4,9.89
03534099999,"BIRMINGHAM, UK",236,53.4,77.2,26.5,0.0
06670099999,"ZURICH, CH",236,53.4,79.8,25.1,23.97
11075099999,"LANGENOIS AUT, AU",236,53.39,79.0,25.2,2.99
11389099999,"ST POELTEN LANDHAUS, AU",236,53.38,79.8,27.0,0.87
08005099999,"EL FERROL, SP",44,53.37,60.7,42.5,12.16
11302099999,"DORNBIRN, AU",232,53.37,77.8,25.4,36.45
06260099999,"DE BILT, NL",236,53.36,81.0,29.5,12.32
03797035047,"MANSTON, ENG UK",236,53.36,78.1,30.3,0.79
11229099999,"ST. ANDRAE I.L., AU",232,53.35,80.0,22.7,13.38
06348099999,"CABAUW TOWER, NL",236,53.35,81.5,29.9,11.57
13598099999,"BEROVO, MK",233,53.35,83.2,21.2,13.56
06320099999,"LE GOEREE, NL",236,53.35,75.7,33.0,0.0
06407099999,"OOSTENDE, BE",236,53.35,76.8,30.5,8.53
03746099999,"BOSCOMBE DOWN, UK",236,53.34,74.8,30.9,0.22
10752099999,"ILLESHEIM AHP, GM",224,53.33,83.2,24.4,9.3
15421599999,"CAMPIA TURZII, RO",235,53.33,81.4,19.0,0.0
11519099999,"PRAHA KARLOV KLEMENTINUM, EZ",234,53.33,83.3,23.7,0.0
03693099999,"SHOEBURYNESS LANDWICK, UK",236,53.33,74.8,30.1,0.1
10334099999,"WUNSTORF, GM",236,53.32,82.9,25.2,0.39
03887399999,"LYDD, UK",236,53.32,71.1,30.2,0.0
11192099999,"KLEINZICKEN, AU",236,53.32,79.0,23.6,2.13
10315099999,"MUNSTER OSNABRUCK, GM",236,53.31,79.6,27.4,0.0
15120099999,"CLUJ NAPOCA AVRAM IANCU, RO",236,53.31,80.0,21.6,15.4
14112099999,"POSTOJNA, SI",236,53.31,77.1,25.5,40.45
03963099999,"MACE HEAD, EI",236,53.29,68.4,33.4,6.8
06400099999,"KOKSIJDE, BE",236,53.28,80.2,30.5,0.01
11978099999,"MILHOSTOV, LO",236,53.28,80.6,22.5,13.65
06647099999,"WUERENLINGEN, CH",236,53.28,79.1,25.7,21.98
06658099999,"ALPNACH, CH",231,53.27,76.3,26.1,0.0
03492099999,"NORWICH, UK",236,53.26,76.2,30.3,0.0
06690099999,"ALTENRHEIN, CH",232,53.26,78.5,25.9,28.69
15206099999,"TEBEA, RO",236,53.26,79.6,21.3,13.08
11027099999,"STOCKERAU, AU",233,53.23,78.4,25.9,10.75
06356099999,"HERWIJNEN AWS, NL",236,53.22,80.5,29.9,13.44
03743099999,"LARKHILL, UK",236,53.22,75.6,29.4,0.19
10614099999,"RAMSTEIN AB, GM",236,53.22,82.1,25.2,12.02
15111099999,"ROMAN, RO",236,53.22,80.4,18.7,14.02
15347099999,"CURTEA DE ARGES, RO",236,53.22,82.6,18.2,30.16
03952099999,"ROCHES POINT, EI",236,53.22,67.9,34.4,19.97
15349099999,"CAMPINA, RO",236,53.19,80.6,16.7,14.2
03139499999,"CAMPBELTOWN, UK",169,53.16,70.8,33.6,0.0
03658099999,"BENSON, UK",236,53.16,77.2,23.2,9.76
11723099999,"TURANY, EZ",236,53.15,80.2,24.3,15.84
06613099999,"FRUTIGEN, CH",236,53.14,77.7,25.9,30.35
06620099999,"SCHAFFHAUSEN, CH",232,53.14,80.6,24.4,24.18
08075099999,"BURGOS, SP",236,53.13,83.4,29.3,16.75
03876099999,"SHOREHAM, UK",236,53.12,72.8,30.8,10.16
06621099999,"GUETTINGEN, CH",236,53.12,78.0,26.8,17.76
06643099999,"WYNAU, CH",236,53.12,78.1,25.3,27.49
03769099999,"CHARLWOOD, UK",236,53.11,76.6,26.7,0.26
03683099999,"LONDON STANSTED, GB",236,53.1,76.8,28.6,0.0
11080099999,"WIEN MARIABRUNN, AU",232,53.1,77.7,25.8,14.27
03302099999,"VALLEY, UK",236,53.09,75.5,33.4,0.35
14021099999,"SLOVENJ GRADEC, SI",236,53.07,80.0,23.8,22.75
03373599999,"HUMBERSIDE, UK",236,53.07,76.2,28.8,0.0
06664099999,"ZUERICH AFFOLTERN, CH",232,53.05,79.6,25.6,25.54
03391099999,"CONINGSBY, UK",236,53.04,76.1,28.9,0.5
15277099999,"BOITA, RO",236,53.03,79.2,20.5,18.88
03418599999,"NOTTINGHAM EAST MIDLANDS, UK",236,53.03,76.6,28.7,0.0
10385099999,"SCHONEFELD BRANDENBURG, DE",236,53.02,83.7,21.3,0.0
07024099999,"MAUPERTUS CHERBOURG MANCHE, FR",236,53.02,74.6,32.1,3.46
06459099999,"ERNAGE, BE",235,52.99,81.9,27.2,18.33
11927199999,"KOSICE, LO",236,52.97,79.9,22.0,0.0
06321099999,"EURO PLATFORM, NL",236,52.97,72.4,34.9,0.0
06636099999,"MUEHLEBERG, CH",232,52.95,78.1,24.3,21.11
15145099999,"VIDRASAU TARGU MURES, RO",236,52.94,79.7,20.0,14.33
11055099999,"SCHAERDING, AU",236,52.94,78.6,25.8,15.86
06269099999,"LELYSTAD, NL",236,52.94,80.7,28.2,13.95
11968099999,"KOSICE, LO",236,52.93,80.2,21.9,22.45
03535099999,"COLESHILL, UK",236,52.92,75.7,26.5,0.29
03924099999,"BELFAST CITY, GB",236,52.92,70.6,29.0,0.0
10763099999,"NURNBERG, GM",236,52.91,83.4,25.2,0.0
06203099999,"P11 B DE RUYTER, NL",236,52.9,70.7,35.1,0.0
06630399999,"BERN BELP, CH",236,52.9,78.1,22.9,0.0
03318099999,"BLACKPOOL, UK",236,52.9,74.3,27.0,15.26
15260099999,"SIBIU, RO",236,52.89,79.9,19.1,13.81
15023099999,"STEFAN CEL MARE SUCEAVA, RO",236,52.88,78.5,19.6,13.25
02450099999,"EGGEGRUND, SW",14,52.87,62.6,34.9,0.0
03560099999,"BEDFORD, UK",236,52.87,75.7,28.8,8.58
06235099999,"DE KOOY, NL",236,52.86,79.8,30.9,10.13
14012099999,"KATARINA, SI",236,52.86,79.5,23.1,42.79
10935099999,"FRIEDRICHSHAFEN, GM",236,52.85,78.9,25.0,0.0
03976099999,"BELMULLET, EI",236,52.85,68.7,34.7,24.6
03740099999,"LYNEHAM, UK",236,52.85,76.0,29.8,11.58
11900099999,"ZIAR NAD HRONOM, LO",236,52.84,79.5,23.2,13.79
06645099999,"RUENENBERG, CH",232,52.83,81.3,24.5,24.45
10469099999,"LEIPZIG HALLE, GM",236,52.82,84.2,22.9,0.0
11350099999,"SALZBURG FREISAAL, AU",232,52.82,78.3,26.6,25.82
03377099999,"WADDINGTON, UK",236,52.81,76.6,30.4,9.36
10607099999,"SPANGDAHLEM AB, GM",236,52.81,81.3,26.7,15.46
11175099999,"BRUCK MUR, AU",235,52.81,78.5,22.1,0.0
06662199999,"GRENCHEN, CH",236,52.8,78.0,25.2,0.0
06257099999,"WIJK AAN ZEE, NL",236,52.79,80.9,28.5,11.33
06635099999,"KOPPIGEN, CH",236,52.79,76.9,25.6,21.01
11051099999,"RANSHOFEN, AU",236,52.79,79.0,24.0,7.73
06602099999,"DELEMONT, CH",236,52.79,77.2,22.9,26.93
06275099999,"DEELEN, NL",236,52.78,83.0,27.9,11.6
03684099999,"ANDREWSFIELD, UK",236,52.77,76.1,29.2,8.39
11012099999,"KREMSMUENSTER, AU",236,52.77,77.5,24.5,0.75
03321099999,"HAWARDEN, UK",236,52.77,74.1,25.9,12.18
15109099999,"PIATRA NEAMT, RO",236,52.76,80.1,18.1,33.33
12225099999,"NADARZYCE, PL",163,52.75,80.9,23.0,0.0
06704099999,"BIERE, CH",228,52.75,80.4,26.5,18.92
03462099999,"WITTERING, UK",236,52.75,75.5,28.0,10.15
03522099999,"HEREFORD CREDENHILL, UK",236,52.74,76.3,26.9,0.42
11150099999,"SALZBURG, AU",236,52.72,79.7,25.3,25.86
10488099999,"DRESDEN, GM",236,52.72,83.8,22.5,0.0
15073099999,"TARGU NEAMT, RO",236,52.69,79.6,17.4,17.4
15000099999,"DARABANI, RO",236,52.69,82.0,18.6,14.85
11130099999,"KUFSTEIN, AU",236,52.68,78.3,23.6,30.23
03590099999,"WATTISHAM, UK",236,52.68,76.0,28.2,9.17
03482099999,"MARHAM, UK",236,52.67,75.6,26.0,0.59
06277099999,"LAUWERSOOG AWS, NL",236,52.67,77.1,28.8,12.74
06242099999,"VLIELAND ISLAND, NL",236,52.67,76.5,30.5,0.0
03724399999,"BRISTOL, UK",236,52.66,77.3,30.7,0.0
11520099999,"PRAHA LIBUS, EZ",236,52.65,82.1,23.8,16.07
06624099999,"HALLAU, CH",236,52.64,80.6,24.7,26.05
06631099999,"BERN ZOLLIKOFEN, CH",232,52.64,78.4,23.8,22.91
10335099999,"BUCKEBURG, GM",236,52.63,82.6,26.0,0.0
15004099999,"SIGHETUL MARMATIEI, RO",236,52.62,78.9,21.3,19.61
03488099999,"WEYBOURNE, UK",231,52.61,75.7,32.8,9.37
10321099999,"DIEPHOLZ, GM",154,52.61,87.5,27.0,0.0
03469099999,"HOLBEACH AUT, UK",236,52.61,75.2,29.5,7.68
06590099999,"LUXEMBOURG, LU",236,52.61,81.6,26.5,0.89
06616099999,"FAHY BONCOURT, CH",232,52.59,81.3,23.6,19.31
06632099999,"GRENCHEN, CH",232,52.59,77.6,25.4,23.54
04052099999,"BASAR, IC",54,52.58,63.7,47.8,0.0
06283099999,"HUPSEL AWS, NL",236,52.58,78.7,27.8,13.06
03544099999,"CHURCH LAWFORD, UK",236,52.58,75.4,25.3,10.47
03781099999,"KENLEY AIRFIELD, UK",226,52.58,78.7,28.6,12.03
03334099999,"MANCHESTER, UK",236,52.56,74.2,22.1,0.0
03354099999,"NOTTINGHAM WATNALL, UK",236,52.55,76.5,29.6,0.31
03680099999,"ROTHAMSTED, UK",236,52.55,76.8,26.7,9.8
06734099999,"INTERLAKEN, CH",232,52.54,77.6,24.9,30.14
11010099999,"LINZ, AU",236,52.53,77.8,23.4,1.33
11232099999,"FEISTRITZ OB BLEIBURG, AU",234,52.53,81.7,21.0,16.98
03141399999,"CLEETON OIL PLATFORM, UK",236,52.52,68.5,38.2,0.0
03961099999,"OAK PARK CARLOW, EI",236,52.51,73.0,26.6,18.01
06657099999,"GISWIL, CH",231,52.51,76.6,22.1,27.8
11380099999,"REICHENAU RAX, AU",235,52.49,76.3,24.2,0.0
06273099999,"MARKNESSE AWS, NL",236,52.48,76.9,28.7,14.72
11204099999,"LIENZ, AU",236,52.46,77.1,18.9,18.63
03379099999,"CRANWELL, UK",236,52.46,75.8,30.1,0.44
06290099999,"TWENTE, NL",236,52.45,79.8,27.6,13.28
10338099999,"HANNOVER, GM",236,52.43,83.2,24.5,0.0
10426099999,"PADERBORN LIPPSTADT, GM",236,52.43,84.0,21.4,0.0
06456099999,"FLORENNES, BE",236,52.43,86.6,26.9,0.28
03673399999,"LONDON LUTON, GB",236,52.42,76.0,28.8,0.0
12575099999,"TARNOW, PL",236,52.42,80.7,20.6,14.69
03414099999,"SHAWBURY, UK",236,52.4,73.7,26.9,0.48
11423299999,"KBELY, EZ",232,52.4,81.1,20.2,0.0
15189099999,"DUMBRAVENI, RO",236,52.4,79.8,19.2,16.76
11272099999,"SPITTAL DRAU, AU",236,52.39,77.7,21.7,5.83
03405099999,"ABERDARON, UK",236,52.38,73.1,37.2,0.56
03796099999,"LANGDON BAY, UK",236,52.38,72.6,30.8,0.0
03313099999,"RHYL NUMBER 2, UK",236,52.38,74.9,30.8,14.99
06455099999,"DOURBES, BE",227,52.38,81.2,26.1,17.36
06391099999,"ARCEN AWS, NL",211,52.38,80.6,29.4,11.79
12310099999,"SLUBICE, PL",236,52.37,82.7,16.6,12.84
10755099999,"ANSBACH AHP KATTERBACH GERMANY, GM",232,52.36,82.5,24.5,12.93
03204099999,"ISLE OF MAN, UK",236,52.36,70.8,35.4,14.71
10343099999,"CELLE, GM",235,52.36,82.6,24.6,0.59
12424099999,"STRACHOWICE, PL",236,52.36,77.0,21.1,12.79
11059099999,"WELS SCHLEISSHEIM, AU",232,52.36,77.4,24.6,18.04
11993099999,"KAMENICA NAD CIROCHOU, LO",236,52.34,77.5,19.6,15.3
15083099999,"DEJ, RO",236,52.34,78.5,21.2,11.27
03503099999,"TRAWSGOED, UK",236,52.33,72.6,28.9,20.68
03956099999,"JOHNSTOWN CASTLE, EI",236,52.33,68.3,31.6,5.72
10476099999,"HOLZDORF, GM",236,52.32,83.4,18.7,0.0
12400099999,"ZIELONA GORA, PL",236,52.32,81.2,23.2,13.71
15124099999,"BATOS, RO",236,52.32,78.3,21.4,22.21
15085099999,"BISTRITA, RO",236,52.31,79.0,20.8,17.05
06685099999,"GLARUS, CH",232,52.31,75.6,22.0,46.52
06278099999,"HEINO AWS, NL",236,52.31,77.5,27.1,13.93
07600099999,"SOCOA, FR",13,52.3,61.6,32.0,1.41
03502099999,"ABERPORTH, UK",236,52.3,74.0,34.8,0.26
06249099999,"BERKHOUT, NL",236,52.29,79.3,28.8,15.98
11567099999,"PRAHA KBELY, EZ",232,52.29,82.7,20.7,11.2
06033099999,"HIRTSHALS, DA",236,52.28,75.4,30.7,0.0
03323399999,"LIVERPOOL, UK",236,52.28,73.7,24.9,0.0
03978099999,"FINNER, EI",236,52.27,72.7,30.6,23.17
11142099999,"ST. JOHANN PONGAU, AU",225,52.25,83.1,16.5,0.0
12530099999,"OPOLE, PL",236,52.23,76.5,21.1,10.67
03351099999,"ROSTHERNE NUMBER 2, UK",236,52.22,72.1,22.9,15.59
10224099999,"BREMEN, GM",236,52.22,79.6,26.9,0.0
03163499999,"DUNDEE, UK",235,52.21,69.5,29.6,0.0
11270099999,"DELLACH IM DRAUTAL, AU",234,52.21,77.9,18.5,0.0
03214099999,"WALNEY ISLAND, UK",236,52.21,73.5,31.3,19.48
11053099999,"RIED IM INNKREIS, AU",232,52.2,78.8,25.2,16.28
03823099999,"CARDINHAM BODMIN, UK",236,52.18,72.0,34.3,25.06
15099099999,"HUEDIN, RO",236,52.18,79.8,21.4,18.17
06267099999,"STAVOREN AWS, NL",236,52.16,78.3,28.4,12.03
03140999999,"WEST SOLE OIL PLATFORM, UK",236,52.16,66.9,37.5,0.0
06648099999,"EGOLZWIL, CH",232,52.15,77.6,24.2,21.98
12695099999,"PRZEMYSL, PL",236,52.15,79.5,19.2,17.06
03967099999,"CASEMENT, EI",236,52.15,72.8,26.1,7.52
06204099999,"K14 FA 1C, NL",233,52.15,69.4,34.6,0.0
12375099999,"OKECIE WARSAW CHOPIN, PL",236,52.13,78.2,18.5,10.65
11698099999,"KUCHAROVICE, EZ",236,52.13,79.5,22.9,14.97
11774099999,"HOLESOV, EZ",236,52.12,80.1,23.4,15.09
03955099999,"CORK, EI",236,52.12,68.1,31.7,3.27
12300099999,"GORZOW WLKP, PL",236,52.12,80.5,20.9,12.33
06679099999,"AADORF TAENIKON, CH",236,52.1,78.2,24.1,27.55
06625099999,"FRIBOURG POSIEUX, CH",232,52.08,77.7,20.0,20.39
11624099999,"CASLAV, EZ",236,52.08,80.3,23.4,10.95
06207099999,"L9 FF 1, NL",231,52.08,72.5,33.5,0.0
03372399999,"BARKSTON HEATH, UK",236,52.07,76.3,28.9,0.0
13593099999,"POZAR PGC, MK",229,52.07,84.3,21.5,9.41
10348099999,"BRAUNSCHWEIG WOLFSBURG, GM",236,52.07,80.3,21.6,0.0
10853099999,"NEUBURG, GM",236,52.05,78.9,25.9,0.0
11357099999,"ST. WOLFGANG, AU",235,52.05,77.0,26.7,0.0
11112099999,"LANDECK, AU",232,52.03,76.2,20.5,17.88
06208099999,"AWG 1, NL",236,52.02,76.3,29.5,0.0
12415099999,"LEGNICA, PL",236,52.02,77.8,18.6,13.89
11152099999,"MATTSEE, AU",236,51.98,77.0,26.1,21.35
10439099999,"FRITZLAR, GM",236,51.97,79.8,23.4,0.22
03966099999,"GURTEEN, EI",236,51.96,72.7,26.1,4.25
10743099999,"NIEDERSTETTEN, GM",236,51.94,81.7,23.1,0.72
10616499999,"MAGDEBURG COCHSTEDT, DE",236,51.94,81.8,20.5,0.0
06614099999,"MEIRINGEN, CH",236,51.94,77.1,19.4,27.31
10745099999,"SCHWABISCH HALL, GM",236,51.93,80.2,22.2,0.0
12435099999,"KALISZ, PL",236,51.92,78.4,19.4,12.24
10619099999,"BAUMHOLDER ARMY AIR FIELD, GM",236,51.91,82.7,24.7,12.55
15094099999,"BARNOVA, RO",236,51.91,80.8,16.7,16.86
06745099999,"ULRICHEN, CH",64,51.9,71.9,8.0,5.86
06644099999,"MOSEN, CH",233,51.9,79.0,24.8,23.02
03907099999,"MAGILLIGAN NUMBER 2, UK",236,51.88,73.8,32.4,18.23
06279099999,"HOOGEVEEN AWS, NL",236,51.87,76.1,27.8,13.0
07749099999,"CAP BEAR, FR",15,51.87,58.5,39.8,0.15
03980099999,"MALIN HEAD, EI",236,51.87,69.0,37.3,5.59
03520099999,"SHOBDON AIRFIELD, UK",236,51.87,75.0,26.2,10.84
11018099999,"AMSTETTEN, AU",236,51.85,76.5,24.8,6.36
11747099999,"PROSTEJOV, EZ",236,51.85,76.9,23.1,12.39
06637099999,"MEIRINGEN, CH",232,51.85,76.8,17.2,30.97
10149099999,"HAMBURG FINKENWERDER, GM",231,51.85,81.1,26.2,0.0
10147099999,"HAMBURG, GM",236,51.83,79.7,25.7,0.0
12540099999,"RACIBORZ, PL",236,51.82,75.0,23.3,14.25
12580099999,"JASIONKA, PL",236,51.81,78.6,18.2,17.27
03384099999,"LECONFIELD AUT, UK",236,51.81,74.8,29.4,0.0
10553699999,"ALTENBURG NOBITZ LEIPZIG ALTENBURG, DE",236,51.81,80.5,21.1,0.0
10304099999,"MEPPEN MIL, GM",235,51.77,78.0,27.3,0.0
03969099999,"DUBLIN, EI",236,51.75,68.9,27.5,16.79
12326099999,"KRZESINY, PL",234,51.75,78.3,15.3,18.75
06251099999,"TERSCHELLING HOORN AWS, NL",236,51.74,77.1,29.8,11.1
11546099999,"C. BUDEJOVICE ROZNOV, EZ",236,51.74,77.6,22.7,15.64
07386599999,"CHALON CHAMPFORGEUIL, FR",152,51.73,77.1,27.4,0.0
06484099999,"BUZENOL, BE",234,51.72,77.2,27.5,20.4
14657099999,"NEUM, BK",39,51.71,59.2,41.3,2.01
11330099999,"MAYRHOFEN, AU",232,51.7,76.1,21.0,24.08
11652099999,"PARDUBICE, EZ",236,51.7,78.7,23.0,11.02
06211099999,"J6 A HELIPAD OIL PLATFORM, NL",236,51.68,68.0,35.4,0.0
14118099999,"KOCEVJE, SI",227,51.68,77.3,19.1,36.29
03140899999,"RAVENSPURN N OIL PLATFORM, UK",236,51.68,68.0,38.2,0.0
03382099999,"LECONFIELD, UK",236,51.67,74.4,29.3,10.69
03392099999,"WAINFLEET AUT, UK",236,51.66,74.6,29.8,1.13
12455099999,"WIELUN, PL",236,51.66,77.3,21.3,12.68
03647099999,"LITTLE RISSINGTON, UK",236,51.64,75.6,27.4,0.13
03301099999,"MONA, UK",236,51.62,72.1,30.7,17.79
12566099999,"BALICE, PL",236,51.61,78.2,21.8,14.33
06201099999,"D15 FA 1 HELIPAD OIL PLATFORM, NL",236,51.6,67.5,35.6,0.0
11509099999,"DOKSANY, EZ",236,51.59,79.0,16.9,8.22
03840099999,"DUNKESWELL AERODROME, UK",235,51.59,72.9,30.9,17.77
15235099999,"FAGARAS, RO",236,51.59,77.5,14.7,19.04
06270099999,"LEEUWARDEN, NL",236,51.58,79.6,26.5,12.84
03292099999,"BRIDLINGTON MRSC, UK",236,51.58,74.3,30.9,9.69
03212099999,"KESWICK, UK",233,51.57,73.2,25.9,29.69
12330099999,"LAWICA, PL",236,51.56,78.7,15.2,13.15
03257099999,"LEEMING, UK",236,51.55,74.0,27.3,9.95
10436099999,"KASSEL CALDEN, GM",236,51.53,80.0,22.5,0.0
03970099999,"CLAREMORRIS, EI",236,51.51,70.4,28.4,1.42
11927599999,"SLIAC, LO",232,51.51,77.9,22.3,0.0
11165099999,"ZELTWEG, AU",236,51.51,79.0,20.4,0.0
10200099999,"EMDEN, GM",236,51.49,75.1,25.6,5.54
06678099999,"BISCHOFSZELL, CH",236,51.47,75.6,23.6,22.74
11450099999,"PLZEN MIKULKA, EZ",236,51.47,80.1,22.8,10.87
11782099999,"MOSNOV, EZ",236,51.45,75.5,21.7,21.97
03971099999,"MULLINGAR, EI",236,51.44,73.1,26.9,18.83
11153099999,"MONDSEE, AU",234,51.43,76.0,26.0,23.23
03220099999,"CARLISLE, UK",236,51.43,71.9,24.0,17.22
03135099999,"PRESTWICK, UK",236,51.43,71.4,27.8,0.0
11903099999,"SLIAC, LO",232,51.42,77.7,22.5,13.92
10866099999,"MUNCHEN, GM",236,51.4,75.9,23.8,0.0
15324099999,"CAMPULUNG MUSCEL, RO",236,51.39,78.4,17.6,22.58
10837099999,"LAUPHEIM, GM",236,51.39,78.6,23.2,0.2
06280099999,"EELDE, NL",236,51.39,77.1,25.3,15.09
12660099999,"NOWY SACZ, PL",236,51.39,79.6,22.5,13.12
03264399999,"TOPCLIFFE, UK",236,51.38,74.9,26.5,0.0
11255099999,"KOETSCHACH MAUTHEN, AU",234,51.38,75.0,21.5,0.0
11083099999,"LEISER BERGE, AU",232,51.38,82.5,23.3,13.8
03901099999,"THOMASTOWN, UK",233,51.38,70.3,26.6,20.82
03979099999,"BALLYHAISE, EI",236,51.37,70.2,25.4,18.43
03136099999,"PRESTWICK RNAS, UK",236,51.36,71.6,27.5,15.61
12585099999,"SANDOMIERZ, PL",236,51.35,78.9,19.4,11.1
15168099999,"ODORHEIUL SECUIESC, RO",236,51.35,80.4,17.5,18.56
03263599999,"DURHAM TEES VALLEY AIRPORT TEESSIDE INTERNATIONAL, GB",236,51.34,73.8,27.3,0.0
10613099999,"BUCHEL, GM",236,51.33,81.1,24.4,0.35
03915099999,"PORTGLENONE, UK",236,51.33,71.2,27.2,0.66
12550099999,"CZESTOCHOWA, PL",236,51.33,77.2,20.1,13.35
03265099999,"TOPCLIFFE, UK",236,51.32,75.0,26.1,9.1
12105699999,"MODLIN, PL",236,51.32,77.7,19.2,0.0
06138099999,"LANGOE, DA",236,51.31,74.7,27.8,16.11
11355099999,"WINDISCHGARSTEN, AU",235,51.31,77.6,21.4,0.0
10852099999,"AUGSBURG, GM",236,51.3,76.8,24.7,0.0
10554099999,"ERFURT WEIMAR, DE",236,51.3,82.5,21.4,0.0
12600099999,"BIELSKO BIALA, PL",236,51.3,77.9,19.7,21.68
06708099999,"ORON, CH",232,51.28,78.2,19.8,26.92
12488099999,"KOZIENICE, PL",236,51.27,80.1,15.2,11.3
13363099999,"PLEVLJA, MJ",179,51.24,85.3,18.8,10.3
06151099999,"OMOE, DA",236,51.24,71.6,25.7,0.0
11693099999,"DUKOVANY, EZ",236,51.24,79.6,22.2,10.58
15007099999,"RADAUTI, RO",236,51.24,78.3,17.7,14.06
03385199999,"DONNA NOOK RAF, UK",223,51.23,74.8,30.9,0.0
06286099999,"NIEUW BEERTA, NL",236,51.22,74.5,25.3,16.31
06640099999,"MARSENS, CH",232,51.22,77.5,19.8,25.3
10156099999,"LUBECK BLANKENSEE, GM",236,51.21,79.0,22.3,0.0
11438099999,"TUSIMICE, EZ",236,51.17,80.2,17.3,14.52
12119599999,"LUBLIN AIRPORT, PL",236,51.16,78.9,16.0,0.0
03385099999,"DONNA NOOK, UK",223,51.15,74.6,30.6,0.0
11976099999,"STROPKOV TISINEC, LO",236,51.14,76.1,19.4,14.84
03111099999,"MACHRIHANISH, UK",236,51.13,70.4,32.8,18.93
11955099999,"PRESOV, LO",235,51.13,80.0,19.9,14.46
12105299999,"INOWROCLAW, PL",182,51.1,86.6,19.7,0.0
12454099999,"LASK, PL",234,51.08,77.0,17.8,12.82
03917099999,"BELFAST ALDERGROVE, GB",236,51.04,70.8,27.7,15.22
11448099999,"PLZEN LINE, EZ",236,51.02,78.6,24.4,0.0
15015099999,"OCNA SUGATAG, RO",236,51.02,75.3,20.4,22.26
12105399999,"LECZYCA, PL",234,51.01,75.4,16.4,0.35
10616099999,"FRANKFURT HAHN, GM",236,51.0,80.8,24.2,0.0
11141099999,"BISCHOFSHOFEN, AU",236,50.98,76.0,19.1,2.93
12336099999,"POWIDZ, PL",234,50.98,77.7,16.5,15.92
03140099999,"GLASGOW, UK",236,50.97,69.8,23.4,0.0
06123099999,"ASSENS TOROE, DA",236,50.97,73.2,26.5,0.0
14219099999,"PARG, HR",236,50.97,77.4,20.2,49.36
06681099999,"ST. GALLEN, CH",232,50.96,78.3,22.5,36.46
10687099999,"GRAFENWOHR ARMY AIR FIELD, GM",236,50.96,81.0,22.8,13.26
10126099999,"WITTMUNDHAFEN, GM",230,50.95,75.6,26.6,0.0
12490099999,"DEBLIN, PL",234,50.94,79.3,13.7,0.0
12345099999,"KOLO, PL",236,50.94,74.9,20.2,14.05
11502099999,"USTI NAD LABEM, EZ",236,50.93,80.6,21.6,11.18
13367099999,"ZLATIBOR, RI",236,50.91,81.1,18.2,21.72
15300099999,"BRASOV GHIMBAV, RO",236,50.9,79.5,13.2,13.64
11927699999,"ZILINA, LO",236,50.89,76.8,22.2,0.0
11345099999,"ST VEIT IM PONGAU, AU",235,50.89,76.5,18.9,0.0
03566199999,"ISLAY, UK",234,50.88,70.2,31.0,0.0
11140099999,"LOFER, AU",236,50.88,76.6,19.4,3.46
12200099999,"SWINOUJSCIE, PL",236,50.88,80.4,24.3,12.58
03132099999,"WEST FREUGH AUT, UK",236,50.88,69.6,29.9,0.2
03904099999,"CASTLEDERG, UK",236,50.88,72.0,25.1,0.55
03105099999,"ISLAY PORT ELLEN, UK",236,50.88,70.1,31.1,23.09
06623099999,"SALEN REUTENEN, CH",232,50.87,78.6,22.7,27.13
12205099999,"SZCZECIN, PL",236,50.87,78.6,20.4,12.46
10856099999,"LECHFELD, GM",235,50.86,76.3,22.2,0.0
10136099999,"NORDHOLZ, GM",236,50.85,76.2,25.1,0.0
12670099999,"KROSNO, PL",236,50.85,78.4,20.0,16.23
12105599999,"LUBLINEK, PL",236,50.84,76.1,16.0,12.17
06119099999,"KEGNAES, DA",236,50.84,71.2,28.0,13.6
12250099999,"TORUN, PL",236,50.84,77.8,19.0,15.47
15285099999,"BISOCA, RO",236,50.82,81.3,15.0,15.97
06058099999,"HVIDE SANDE, DA",236,50.82,72.8,27.8,14.73
11841099999,"ZILINA HRICOV, LO",236,50.82,76.9,21.7,13.02
15238099999,"SFANTU GHEORGHE GOVASNA, RO",236,50.82,79.2,15.9,27.35
03066099999,"KINLOSS, UK",236,50.81,69.4,19.2,0.3
11176099999,"KAPFENBERG FLUGFELD, AU",232,50.81,75.0,20.9,19.77
06149099999,"GEDSER, DA",236,50.81,73.1,27.6,9.52
03100099999,"TIREE, UK",236,50.8,68.9,34.8,20.13
10172099999,"LAAGE, GM",236,50.8,80.0,22.8,0.05
06118099999,"SONDERBORG, DA",236,50.78,74.7,25.3,0.0
10033099999,"MEIERWIK, GM",236,50.78,72.4,24.7,0.0
06180099999,"KASTRUP, DA",236,50.78,73.5,21.8,10.19
10864499999,"OBERPFAFFENHOFEN, GM",236,50.77,75.4,22.5,0.0
03346399999,"LEEDS BRADFORD, UK",236,50.77,72.6,27.0,0.0
06079099999,"ANHOLT, DA",236,50.77,74.2,26.8,13.28
10018099999,"WESTERLAND SYLT, GM",236,50.77,72.4,24.0,0.0
06707099999,"VILLARS TIERCELIN, CH",236,50.75,78.3,20.8,26.86
06169099999,"GNIBEN, DA",236,50.74,72.1,27.0,9.96
06073099999,"SLETTERHAGE FYR, DA",236,50.74,72.1,26.9,0.0
06205099999,"A12 CPP HELIPAD OIL PLATFORM, NL",236,50.74,66.8,36.1,0.0
11001099999,"WOLFSEGG, AU",232,50.74,79.4,23.5,14.66
06159099999,"ROESNAES, DA",201,50.73,73.0,26.8,10.4
03134099999,"GLASGOW BISHOPTON, UK",233,50.72,70.5,26.4,24.45
06017099999,"HORNS REV B HELIDECK, DA",218,50.72,69.6,30.3,0.0
12376799999,"SZWEDEROWO, PL",236,50.69,77.8,17.8,0.0
03160099999,"EDINBURGH, UK",236,50.69,68.9,26.3,0.0
11518099999,"RUZYNE, EZ",236,50.69,80.2,19.0,29.11
11382099999,"PUCHBERG, AU",235,50.68,78.8,18.9,0.0
10193599999,"HERINGSDORF, GM",236,50.66,78.9,21.7,0.0
06141099999,"ABED, DA",236,50.65,76.1,24.4,15.04
03023099999,"SOUTH UIST RANGE, UK",232,50.65,71.5,33.7,2.06
03022099999,"BENBECULA, UK",235,50.65,70.2,32.8,0.0
12399099999,"TERESPOL, PL",236,50.65,78.5,18.9,11.38
06147099999,"VINDEBAEK KYST, DA",236,50.64,72.8,25.9,15.49
12105499999,"TOMASZOW, PL",234,50.64,76.4,13.9,0.0
03166099999,"EDINBURGH GOGARBANK, UK",236,50.64,69.0,26.0,14.61
06124099999,"SYDFYNS TASINGE ISL, DA",236,50.63,73.0,24.4,0.0
03923099999,"GLENANNE NUMBER 2, UK",234,50.63,69.3,29.1,19.02
06490099999,"SPA LA SAUVENIERE, BE",236,50.62,80.2,25.9,22.29
03140799999,"MARNOCK OIL PLATFORM, UK",236,50.61,66.3,35.4,0.0
03034099999,"AULTBEA NUMBER 2, UK",236,50.59,70.7,29.9,24.8
03210099999,"ST BEES HEAD NUMBER 2, UK",236,50.57,70.7,32.1,19.22
15215099999,"BARAOLT, RO",236,50.57,78.8,15.4,16.39
01470399999,"NOTODDEN, NO",222,50.56,85.7,3.5,0.0
12497099999,"WLODAWA, PL",236,50.55,79.3,15.9,14.42
10046599999,"KIEL HOLTENAU, GM",236,50.53,77.4,22.1,0.0
11812099999,"MALY JAVORNIK, LO",236,50.52,80.0,21.6,17.69
06136099999,"TYSTOFTE, DA",221,50.52,73.0,23.6,11.53
12469099999,"SULEJOW, PL",236,50.52,78.0,16.5,11.98
01428199999,"ULA OIL PLATFORM, NO",236,50.51,65.2,33.4,0.0
11538099999,"TEMELIN, EZ",236,50.51,78.6,23.0,13.43
03243399999,"NEWCASTLE, UK",236,50.51,72.9,26.6,0.0
03409099999,"BALA, UK",236,50.5,70.8,24.3,26.16
06181099999,"JAEGERSBORG, DA",236,50.49,73.3,21.1,0.0
11301099999,"ALBERSCHWENDE, AU",236,50.48,75.0,21.0,16.19
02513099999,"GOTEBORG, SW",222,50.47,76.5,22.8,15.5
06156099999,"HOLBAEK, DA",214,50.46,74.6,22.0,12.53
06021099999,"HANSTHOLM, DA",234,50.46,74.9,26.7,0.0
06096099999,"ROEMOE JUVRE, DA",236,50.45,72.6,25.5,0.0
03171099999,"LEUCHARS, UK",236,50.45,67.8,28.7,0.33
12100099999,"KOLOBRZEG, PL",236,50.44,77.2,24.5,13.19
06790099999,"SCHIERS, CH",236,50.43,73.7,19.8,21.06
12385099999,"SIEDLCE, PL",236,50.43,77.4,17.7,13.73
10246099999,"FASSBERG, GM",235,50.42,80.6,21.0,0.76
03068099999,"LOSSIEMOUTH, UK",236,50.42,68.2,23.7,0.62
12360099999,"PLOCK, PL",236,50.42,75.6,19.8,11.13
12146099999,"PRUSZCZ GDANSKI, PL",227,50.42,75.3,21.8,0.0
06183099999,"DROGDEN, DA",232,50.4,70.2,24.7,0.0
03240099999,"BOULMER, UK",236,50.39,68.3,32.7,9.54
12285099999,"OSTROLEKA, PL",236,50.39,74.9,18.9,14.78
07666099999,"LEUCATE, FR",13,50.38,57.4,37.0,0.1
11535199999,"BECHYNE AIRPORT, EZ",235,50.36,77.3,22.3,0.0
12560099999,"KATOWICE, PL",236,50.35,76.9,16.2,16.7
06081099999,"BLAAVANDSHUK, DA",236,50.35,72.9,26.0,0.0
11692099999,"NAMEST, EZ",229,50.33,79.2,21.5,28.6
03305099999,"CAPEL CURIG NUMBER 3, UK",236,50.33,71.2,26.7,40.76
06789099999,"ILANZ, CH",234,50.32,74.5,16.8,38.29
01418099999,"AUSTEVOLL, NO",196,50.31,72.1,29.0,0.0
03275099999,"LOFTUS, UK",235,50.31,73.5,30.1,0.53
03710099999,"LISCOMBE, UK",236,50.3,72.8,31.7,24.2
11365099999,"ZELTWEG AUTOM. STAT., AU",232,50.3,76.7,19.6,18.07
11078099999,"LILIENFELD TARSCHBERG, AU",236,50.29,76.1,21.2,19.52
10037099999,"SCHLESWIG, GM",236,50.29,78.1,23.1,0.0
06155199999,"RINGSTED AIRPORT, DA",201,50.28,73.4,21.3,0.0
12595099999,"ZAMOSC, PL",236,50.27,76.8,18.8,13.28
10947099999,"ALLGAU MEMMINGEN, DE",236,50.27,75.3,21.4,0.0
11356099999,"BAD AUSSEE, AU",235,50.26,75.1,21.7,0.0
03973099999,"CONNAUGHT IRELAND WEST, IE",236,50.25,69.8,30.6,24.32
01300599999,"STATFJORD OIL PLATFORM HELIPORT, FO",232,50.24,68.8,38.1,0.0
01001499999,"SORSTOKKEN STORD, NO",202,50.24,80.8,26.1,0.0
06638099999,"LANGNAU IE, CH",232,50.22,74.0,21.4,36.34
01088799999,"TROLL C OIL PLATFORM, NO",236,50.22,71.7,34.5,0.0
06041099999,"SKAGEN, DA",234,50.21,73.4,26.6,14.99
01478099999,"SVENNER LH, NO",210,50.21,77.0,23.2,0.0
06070099999,"AARHUS, DA",236,50.2,73.8,23.1,12.75
06174099999,"TESSEBOELLE, DA",236,50.19,74.6,20.9,12.82
12105099999,"KOSZALIN, PL",236,50.19,77.7,23.0,15.92
12376099999,"MINSK MAZOWIECKI, PL",234,50.18,76.2,16.0,0.0
03140399999,"HARDING OIL PLATFORM, UK",236,50.18,66.7,34.3,0.0
11378099999,"GUTENSTEIN MARIAHILFBERG, AU",234,50.17,75.7,21.0,0.0
06108099999,"KOLDING VAMDRUP, DA",226,50.17,72.4,22.6,0.0
15047099999,"TARGU LAPUS, RO",236,50.15,74.9,18.5,17.86
16197099999,"MONTE CALAMITA, IT",27,50.14,53.9,44.4,1.64
03153099999,"DUNDRENNAN, UK",236,50.11,70.6,30.5,20.85
15296099999,"PETROSANI, RO",236,50.1,75.1,18.7,19.99
12270099999,"MLAWA, PL",236,50.08,74.9,18.0,14.33
06193099999,"HAMMER ODDE FYR, DA",233,50.08,73.7,28.5,6.47
06030099999,"FLYVESTATION AALBORG, DA",236,50.08,74.2,23.7,11.3
06135099999,"FLAKKEBJERG, DA",236,50.08,73.0,23.4,18.77
12115099999,"USTKA, PL",236,50.06,75.3,25.0,11.44
01374099999,"VEST TORPA II, NO",10,50.04,63.0,38.2,1.74
06126099999,"AARSLEV, DA",236,50.02,75.0,24.0,14.79
03140599999,"ANDREW OIL PLATFORM, UK",236,50.01,65.5,35.2,0.0
06120099999,"ODENSE HANS CHRISTIAN ANDERSON AIRPORT, DK",233,50.01,72.8,24.5,0.0
03144099999,"STRATHALLEN AIRFIELD, UK",236,50.0,67.0,23.9,19.53
01482099999,"FERDER LH, NO",235,49.99,76.6,25.4,0.0
01088699999,"SLEIPNER A OIL PLATFORM, NO",236,49.99,64.5,34.5,0.0
06753099999,"PIOTTA, CH",236,49.97,75.0,17.4,32.08
03346099999,"EMLEY MOOR NUMBER 2, UK",236,49.97,72.8,28.0,11.11
06082099999,"BORRIS, DA",236,49.96,72.3,24.1,16.66
12495099999,"LUBLIN RADAWIEC, PL",236,49.96,77.5,15.9,11.67
11710099999,"LUKA, EZ",236,49.96,79.0,22.3,29.67
12210099999,"RESKO SMOLSKO, PL",235,49.95,76.3,19.3,14.58
14024099999,"LISCA, SI",236,49.94,77.6,18.5,27.46
06693099999,"EBNAT KAPPEL, CH",232,49.94,73.9,19.5,38.75
03916099999,"BALLYPATRICK FOREST, UK",236,49.94,70.2,31.7,22.74
10038099999,"HOHN, GM",232,49.93,74.7,20.6,0.0
06154099999,"BRANDELEV, DA",236,49.93,71.5,22.2,18.85
12690099999,"LESKO, PL",236,49.93,76.3,17.1,21.02
06651099999,"SCHUEPFHEIM, CH",232,49.93,74.1,21.2,30.76
15217099999,"TARGU SECUIESC, RO",236,49.93,78.7,17.1,15.23
06109099999,"ASKOV, DA",236,49.93,72.3,24.7,19.85
11275099999,"ARRIACH, AU",236,49.92,74.9,22.0,18.3
11008099999,"ROHRBACH, AU",236,49.91,78.6,21.3,1.78
03140699999,"MUNGO OIL PLATFORM, UK",227,49.91,65.0,35.7,0.0
06124599999,"AVNO AIR BASE, DA",218,49.9,75.3,26.7,0.0
12570099999,"KIELCE SUKOW, PL",236,49.89,77.5,14.6,15.94
06190099999,"BORNHOLM RONNE, DA",236,49.89,74.6,26.8,0.0
03330099999,"LEEK THORNCLIFFE, UK",236,49.89,73.3,26.7,0.71
11280099999,"MURAU, AU",235,49.88,75.7,20.2,17.29
15162099999,"CAMPENI, RO",236,49.88,76.2,18.3,16.31
11487099999,"KOCELOVICE, EZ",236,49.84,78.6,22.7,16.08
11157099999,"AIGEN ENNSTAL MIL, AU",236,49.82,74.8,14.9,22.32
11628099999,"KOSETICE, EZ",236,49.82,77.5,21.7,11.65
13289099999,"CRNI VRH, RI",236,49.81,81.2,14.3,21.37
14235099999,"PUNTIJARKA, HR",236,49.81,78.4,18.4,24.53
12155099999,"GDANSK SWIBNO, PL",236,49.81,75.2,21.7,17.92
03026099999,"STORNOWAY, UK",236,49.8,65.8,32.7,23.65
02651099999,"KRISTIANSTAD, SW",236,49.8,75.1,21.4,0.0
06080099999,"ESBJERG, DA",236,49.8,71.9,23.4,0.0
06188099999,"SJAELSMARK, DA",222,49.79,73.6,18.6,11.88
11025099999,"WEITRA, AU",233,49.77,76.5,19.6,15.72
03911099999,"LOUGH FEA, UK",236,49.77,69.8,28.0,23.82
01422099999,"FISTER SIGMUNDSTAD, NO",236,49.76,74.6,23.9,30.96
12272099999,"OLSZTYN, PL",236,49.76,75.0,18.9,16.68
06197099999,"NEXOE VEST, DA",227,49.76,72.7,26.5,8.46
01403399999,"EKOFISK OIL PLTFRM, NO",236,49.76,64.9,33.1,0.0
03344099999,"BINGLEY NUMBER 2, UK",236,49.75,72.5,26.4,0.18
11225099999,"WEITENSFELD, AU",236,49.75,75.1,18.8,16.49
06065099999,"AARS SYD, DA",236,49.74,73.2,23.6,13.22
12212099999,"SWIDWIN, PL",234,49.74,76.5,19.3,0.0
01317099999,"BERGEN FLORIDA, NO",235,49.74,75.7,23.4,50.1
12376599999,"MALBORK, PL",234,49.73,74.8,21.8,20.89
03158099999,"CHARTERHALL, UK",236,49.72,72.4,27.3,12.78
06733099999,"BOLTIGEN, CH",236,49.72,72.4,19.6,28.25
03059099999,"INVERNESS, UK",236,49.7,68.6,19.6,0.0
06788099999,"VICOSOPRANO, CH",236,49.7,75.1,23.2,37.32
13577099999,"LAZAROPOLE, MK",221,49.69,75.3,25.2,9.78
06168099999,"NAKKEHOVED, DA",221,49.68,71.5,23.1,0.0
01387099999,"FAVANG, NO",101,49.68,71.0,17.1,4.97
03238099999,"ALBEMARLE, UK",236,49.67,72.9,25.7,0.26
12295099999,"BIALYSTOK, PL",236,49.67,76.0,17.9,10.03
06669099999,"LAEGEREN, CH",232,49.67,80.0,19.6,0.0
03091099999,"ABERDEEN DYCE, GB",236,49.67,67.5,19.4,12.96
06476099999,"SAINT HUBERT MIL, BE",236,49.63,79.1,25.1,20.11
11406099999,"CHEB, EZ",236,49.63,79.2,19.3,12.78
11679099999,"USTI NAD ORLICI, EZ",236,49.61,75.7,18.9,12.57
02505099999,"MASESKAR, SW",221,49.6,73.7,25.4,8.96
06016099999,"HORNS REV A, FO",218,49.59,69.8,29.0,0.0
12124099999,"DARLOWEK, PL",234,49.59,74.5,23.8,12.58
12520099999,"KLODZKO, PL",236,49.59,74.5,20.0,10.62
12120099999,"LEBA, PL",236,49.59,74.6,24.7,14.88
06031099999,"TYLSTRUP, DA",236,49.57,73.1,23.6,14.42
06060099999,"KARUP MIDTJYLLANDS LUFTHAVN, DK",236,49.57,73.0,21.8,13.86
10954099999,"ALTENSTADT, GM",236,49.56,74.0,20.7,0.0
12280099999,"MIKOLAJKI, PL",236,49.54,72.8,18.4,16.19
06072099999,"OEDUM, DA",231,49.54,73.0,24.3,13.31
12135099999,"HEL, PL",236,49.53,72.9,25.4,15.48
06056099999,"MEJRUP, DA",236,49.52,73.1,24.2,0.0
06170099999,"ROSKILDE, DA",236,49.52,72.8,16.7,11.59
02563599999,"ANGELHOLM, SW",236,49.5,72.3,19.9,0.0
01476099999,"JOMFRULAND FYR, NO",236,49.49,75.3,24.3,16.06
12142099999,"OKSYWIE, PL",234,49.47,76.0,24.5,20.18
12125099999,"LEBORK, PL",235,49.47,76.3,24.4,17.68
07500099999,"CAP FERRET, FR",13,49.47,56.4,35.1,2.43
16022099999,"PAGANELLA MOUNTAIN, IT",54,49.46,62.9,18.8,10.38
16532099999,"MONTE LIMBARA, IT",188,49.46,76.0,26.5,0.0
12215099999,"SZCZECINEK, PL",236,49.45,75.4,18.0,12.37
12226099999,"MIROSLAWIEC, PL",234,49.45,75.1,18.5,0.0
03507099999,"SENNYBRIDGE NUMBER 2, UK",236,49.44,71.9,26.5,0.81
06019099999,"SILSTRUP, DA",236,49.44,73.5,24.7,13.02
01467099999,"LYNGOR FYR, NO",236,49.43,74.1,24.2,0.0
12185099999,"KETRZYN, PL",236,49.43,73.6,19.0,17.9
03062099999,"TAIN RANGE SAWS, UK",236,49.42,67.9,19.4,12.64
03226099999,"WARCOP RANGE, UK",236,49.41,72.9,24.6,13.87
15319099999,"VOINEASA, RO",236,49.36,74.2,14.7,17.72
01465099999,"TORUNGEN FYR, NO",236,49.36,72.7,24.6,18.19
02636099999,"STURUP MALMO, SE",236,49.35,73.1,21.2,0.0
11359099999,"GROEBMING, AU",234,49.35,75.2,17.6,0.0
06066099999,"STAUNING, DA",214,49.35,72.1,24.5,0.0
01358099999,"HEMSEDAL II, NO",2,49.35,59.5,39.2,0.0
01329099999,"KVAMSOY, NO",236,49.33,74.8,25.6,38.43
13576099999,"MAVROVO, MK",230,49.32,77.9,16.6,18.44
11019099999,"ALLENTSTEIG, AU",236,49.32,75.6,20.0,0.93
01464099999,"LANDVIK, NO",236,49.31,74.2,18.7,1.38
11636099999,"KOSTELNI MYSLOVA, EZ",236,49.31,77.9,21.0,11.64
03140299999,"BRUCE OIL PLATFORM, UK",236,49.3,66.1,33.0,0.0
06032099999,"STENHOJ, DA",214,49.3,72.6,22.7,0.0
01460099999,"GULLHOLMEN, NO",236,49.29,75.9,20.7,0.0
10616299999,"SIEGERLAND, GM",236,49.28,79.8,21.6,0.0
02604099999,"HALMSTAD, SW",236,49.28,72.5,19.2,0.0
01416099999,"STAVANGER VAALAND, NO",236,49.27,75.6,24.8,24.6
06110099999,"SKRYDSTRUP, DA",236,49.26,72.1,20.3,15.74
06794099999,"POSCHIAVO ROBBIA, CH",236,49.25,71.8,23.7,36.89
12235099999,"CHOJNICE, PL",236,49.24,75.6,21.4,14.45
01448099999,"OKSOY FYR, NO",236,49.23,72.5,24.1,0.0
14007099999,"RATECE, SI",236,49.23,75.2,17.7,36.45
03140199999,"MAGNUS OIL PLATFORM, UK",235,49.22,66.4,30.7,0.0
01430099999,"MANDAL II, NO",236,49.21,73.1,19.9,22.86
01495099999,"STROMTANGEN FYR, NO",236,49.2,75.7,19.1,13.76
11385099999,"HOHE WAND HOCHKOGELHAUS, AU",236,49.18,75.6,19.2,4.71
01304099999,"YTTEROYANE FYR, NO",218,49.17,74.2,31.5,0.0
03017099999,"KIRKWALL, UK",236,49.17,64.7,32.0,0.49
01436099999,"LINDESNES FYR, NO",236,49.15,72.0,27.0,0.0
01415099999,"SOLA STAVANGER, NO",236,49.13,75.6,17.9,18.87
06104099999,"BILLUND, DA",236,49.1,71.7,20.1,19.76
02625099999,"SKILLINGE, SW",221,49.1,73.5,24.1,6.86
02485099999,"STOCKHOLM, SW",220,49.07,73.5,18.4,6.53
01411099999,"KVITSOY NORDBO, NO",236,49.06,71.8,28.4,18.33
03003099999,"SUMBURGH, UK",236,49.05,63.8,30.9,0.0
06102099999,"HORSENS BYGHOLM, DA",230,49.02,71.5,23.8,14.66
02672099999,"KALMAR, SW",236,49.01,70.7,22.2,0.0
11603099999,"LIBEREC, EZ",236,48.99,76.3,13.1,18.48
11362099999,"KALWANG, AU",232,48.99,74.8,20.5,24.25
11185099999,"MOENICHKIRCHEN, AU",234,48.97,76.2,18.0,0.0
06068099999,"ISENVAD, DA",235,48.96,72.1,21.6,16.87
07641099999,"SETE, FR",13,48.96,55.4,36.4,0.13
06627099999,"CHATEAU D OEX, CH",236,48.96,73.0,19.6,25.84
10685099999,"HOF PLAUEN, GM",236,48.95,80.1,19.2,0.0
06049099999,"HALD V, DA",236,48.95,73.4,24.3,0.0
11348099999,"MARIAPFARR, AU",203,48.95,75.8,17.9,0.0
01493099999,"SARPSBORG, NO",236,48.94,78.1,11.5,18.73
11021099999,"LITSCHAU, AU",236,48.94,75.4,21.0,1.64
01488199999,"STATFJORD B OIL PLATFORM, NO",235,48.94,69.8,30.7,0.0
06787099999,"ANDEER, CH",232,48.93,70.3,20.0,22.21
03075099999,"WICK, UK",236,48.93,64.2,28.4,0.48
11375099999,"AFLENZ, AU",234,48.92,73.8,20.8,0.0
01427099999,"LISTA FYR, NO",235,48.92,72.8,26.4,16.02
11220099999,"NEUMARKT, AU",236,48.91,73.9,20.3,3.33
01484399999,"OSEBERG, NO",236,48.89,70.5,31.7,0.0
02664099999,"RONNEBY, SW",236,48.88,72.0,20.6,13.75
02512099999,"SAVE, SW",236,48.87,72.3,20.7,0.0
01452099999,"KJEVIK, NO",236,48.85,73.0,13.1,23.58
01087899999,"SNORRE A OIL PLATFORM, NO",236,48.85,67.8,30.5,0.0
06628099999,"PLAFFEIEN, CH",230,48.85,77.8,19.2,11.74
03080099999,"ABOYNE NUMBER 2, UK",236,48.84,68.1,18.9,13.52
03410099999,"LAKE VYRNWY NUMBER 2, UK",236,48.83,71.7,27.3,28.39
03141299999,"CLAIR OIL PLATFORM, UK",236,48.81,64.9,31.0,0.0
12500099999,"JELENIA GORA, PL",236,48.79,73.5,13.4,17.47
01319099999,"TAKLE, NO",214,48.79,72.8,24.9,1.77
01342099999,"ULLENSVANG, NO",235,48.78,73.0,19.5,30.74
01426099999,"EIGEROYA, NO",216,48.78,72.9,27.3,0.0
12150099999,"LECHA WALESY, PL",236,48.77,75.7,21.6,0.0
02562599999,"SAAB, SW",236,48.76,72.7,14.7,0.0
01492099999,"OSLO BLINDERN, NO",236,48.76,78.2,12.4,12.02
01417099999,"NEDRE VATS, NO",215,48.74,72.7,9.3,2.12
06652099999,"FLUEHLI, CH",232,48.74,74.0,18.9,40.04
01406099999,"SLATTEROY FYR, NO",236,48.73,70.7,29.3,0.0
01414099999,"ROVER, NO",220,48.73,72.1,29.1,0.0
01408099999,"KARMOY, NO",236,48.73,73.1,20.6,0.0
11659099999,"PRIBYSLAV, EZ",236,48.7,78.7,18.2,13.77
02464099999,"BROMMA, SW",236,48.7,74.1,15.3,0.0
03281099999,"FYLINGDALES, UK",236,48.67,70.8,28.3,14.85
13369099999,"SJENICA, RI",236,48.67,76.1,6.9,16.42
01087999999,"SNORRE B OIL PLATFORM, NO",236,48.66,68.3,30.9,0.0
11358099999,"BAD MITTERNDORF, AU",235,48.65,75.5,16.1,0.0
03165099999,"SPADEADAM, UK",223,48.63,68.9,31.3,0.0
02563099999,"HARSTENA, SW",222,48.62,72.2,23.5,9.36
01300099999,"GULLFAKS C, NO",236,48.61,69.5,31.0,0.0
01375599999,"GULLFAX PLATFORM, NO",236,48.6,69.9,30.8,0.0
01489099999,"BJORNHOLT, NO",10,48.59,61.0,32.6,11.66
01314099999,"FOSSMARK, NO",236,48.58,75.0,22.5,68.51
03155099999,"DRUMALBIN, UK",236,48.57,69.7,23.8,15.83
03063099999,"AVIEMORE, UK",236,48.57,72.5,15.1,0.78
01310099999,"FLORO, NO",236,48.57,74.8,25.8,0.0
03224099999,"SPADEADAM NUMBER 2, UK",224,48.56,69.0,31.3,23.01
02520099999,"SATENAS, SW",236,48.51,73.5,15.2,5.84
06782099999,"DISENTIS SEDRUN, CH",232,48.49,71.8,17.8,20.89
02571099999,"KUNGSANGEN, SW",236,48.48,71.5,9.8,0.0
01087799999,"TROLL A OIL PLATFORM, NO",234,48.47,71.7,31.1,0.0
06239099999,"F3 NETHERLANDS, NL",187,48.46,68.5,35.0,0.0
01338099999,"VANGSNES, NO",235,48.46,75.4,23.3,27.14
06074099999,"AARHUS SYD, DA",236,48.46,69.6,22.6,13.11
03008099999,"FAIR ISLE, UK",236,48.45,62.1,31.9,18.12
06682099999,"ELM, CH",232,48.44,70.2,14.4,39.47
01403099999,"UTSIRA FYR, NO",236,48.43,70.4,28.2,14.28
11304099999,"BRAND, AU",233,48.42,71.4,16.5,31.1
01307099999,"FEDJE, NO",236,48.41,71.7,28.0,0.0
12195099999,"SUWALKI, PL",236,48.39,71.6,17.4,14.07
11952099999,"POPRAD GANOVCE, LO",236,48.38,75.7,17.0,11.04
02641099999,"KRONOBERG, SW",236,48.36,72.4,18.4,0.0
03047099999,"TULLOCH BRIDGE, UK",236,48.36,70.6,21.0,32.15
03002099999,"BALTASOUND NUMBER 2, UK",236,48.35,64.3,29.0,22.87
01462099999,"PORSGRUNN, NO",236,48.35,74.9,16.4,16.47
03088099999,"INVERBERVIE NUMBER 2, UK",231,48.34,64.3,29.7,11.02
01481099999,"MELSOM, NO",236,48.33,75.4,13.5,21.18
01483099999,"TORP, NO",235,48.33,75.0,16.0,0.0
06604599999,"LES EPLATURES, CH",236,48.33,73.5,18.7,26.32
17064099999,"ISTANBUL BOLGE KARTAL, TU",34,48.32,58.4,42.1,2.29
01214099999,"REKDAL, NO",214,48.3,71.9,25.6,0.0
03225099999,"SHAP, UK",236,48.28,69.2,17.9,31.77
11214099999,"PREITENEGG, AU",236,48.27,74.2,18.2,1.87
12160099999,"ELBLAG MILEJEWO, PL",236,48.27,74.9,18.2,19.55
03044099999,"ALTNAHARRA NUMBER 2, UK",236,48.25,68.4,6.0,19.57
01482599999,"TORP, NO",236,48.24,75.0,16.6,0.0
07638099999,"BEZIERS VIAS, FR",13,48.23,54.1,32.8,0.13
11201099999,"SILLIAN, AU",236,48.23,74.1,14.1,25.7
11170099999,"LUNZ, AU",236,48.22,70.3,18.8,4.39
01494099999,"RYGGE, NO",236,48.21,75.6,9.3,14.9
06675099999,"EINSIEDELN, CH",232,48.17,72.8,17.4,36.99
01413099999,"SAERHEIM, NO",212,48.17,75.0,23.5,0.0
01424099999,"SAUDA, NO",236,48.16,74.9,14.0,52.27
01218099999,"TAFJORD, NO",236,48.15,76.1,16.9,20.43
06608099999,"CHAUMONT, CH",236,48.13,78.3,19.3,27.58
03230099999,"REDESDALE CAMP, UK",236,48.12,68.5,25.0,14.99
01311099999,"FLESLAND BERGEN, NO",236,48.11,73.1,23.1,32.18
02590099999,"VISBY, SW",236,48.11,71.5,27.3,0.0
02562099999,"MALMEN, SW",236,48.08,72.5,14.9,25.73
01486099999,"ASKER, NO",215,48.08,73.8,13.6,0.77
15261099999,"INTORSURA BUZAULUI, RO",236,48.07,77.2,10.2,15.81
01228099999,"SULA, NO",224,48.06,72.5,27.5,0.0
08215099999,"NAVACERRADA PUERTO, SP",232,48.06,77.9,24.1,47.3
01210099999,"VIGRA ALESUND, NO",236,48.04,71.7,24.9,0.0
01412099999,"OBRESTAD, NO",236,48.04,70.5,20.0,19.17
01205099999,"SVINOY LH, NO",235,48.02,68.4,30.5,0.0
01480099999,"DRAMMEN BERSKOG, NO",236,48.02,76.4,9.2,12.97
11136099999,"KRIMML, AU",232,47.98,72.0,13.3,28.82
01320099999,"SANDANE ANDA, NO",236,47.97,75.2,18.5,0.0
11414099999,"KARLOVY VARY, EZ",236,47.97,77.1,16.5,12.53
02510399999,"TROLLHATTAN VANERSBORG, SW",236,47.94,74.3,7.9,0.0
03162099999,"ESKDALEMUIR, UK",236,47.94,66.8,22.1,33.52
06496099999,"ELSENBORN MIL, BE",230,47.92,79.7,19.9,8.67
12136099999,"LEBUNIA, PL",234,47.9,76.0,20.7,19.01
11171099999,"ST SEBASTIAN MARIAZELL, AU",236,47.89,73.0,19.7,21.9
06689099999,"HOERNLI, CH",230,47.89,76.6,18.2,19.06
11367099999,"BAERNKOPF, AU",235,47.88,75.1,16.9,0.0
11252099999,"VIRGEN, AU",234,47.88,75.4,20.3,0.0
11934099999,"POPRAD TATRY, SK",236,47.87,74.1,15.4,16.6
02462099999,"UPPSALA UNIVERSITY, SW",221,47.86,73.9,11.2,37.29
06655099999,"ENGELBERG, CH",232,47.85,73.0,15.4,47.35
03005099999,"LERWICK, UK",236,47.82,63.7,28.1,0.68
01225099999,"VEIHOLMEN, NO",236,47.8,70.5,27.0,0.0
07314099999,"CHASSIRON, FR",13,47.8,56.1,36.5,1.19
02428399999,"OREBRO, SW",236,47.79,72.3,8.4,0.0
02446099999,"VASTERAS, SW",236,47.79,72.5,9.9,0.0
06494099999,"MONT RIGI, BE",232,47.77,75.3,24.0,27.82
02526099999,"LANDVETTER, SW",236,47.76,73.8,18.3,0.0
11020099999,"STIFT ZWETTL, AU",236,47.76,71.0,16.9,1.66
11423099999,"PRIMDA, EZ",236,47.76,78.7,16.8,32.57
11024099999,"JAUERLING, AU",232,47.71,75.8,17.2,15.74
01212099999,"ONA II, NO",228,47.7,68.8,29.0,0.0
11346099999,"RAURIS, AU",232,47.67,71.5,13.5,25.55
01217099999,"ARO, NO",236,47.65,76.3,18.1,0.0
15170099999,"MIERCUREA CIUC, RO",236,47.58,76.4,15.1,16.1
02485399999,"SKAVSTA, SW",236,47.58,71.8,12.1,0.0
01237099999,"HITRA, NO",236,47.53,78.9,24.3,31.66
01470099999,"GVARV, NO",236,47.51,73.9,10.5,12.99
11683099999,"SVRATOUCH, EZ",236,47.51,78.0,18.8,37.4
06703099999,"LES CHARBONNIERES, CH",236,47.51,72.3,21.7,25.08
01223099999,"KVERNBERGET, NO",236,47.48,78.7,22.0,0.0
01469099999,"HONEFOSS HOYBY, NO",236,47.46,75.9,8.2,10.27
01259099999,"BUHOLMRASA LH, NO",235,47.44,76.4,23.6,0.0
01326099999,"MODALEN III, NO",203,47.43,75.7,19.1,5.4
01240099999,"HALTEN FYR, NO",232,47.42,73.4,26.6,0.0
01241099999,"ORLAND, NO",236,47.39,79.3,20.1,25.5
02978099999,"HELSINKI KAISANIEMI, FI",236,47.34,75.6,16.4,0.17
15184099999,"ROSIA MONTANA, RO",236,47.34,75.0,14.9,39.94
01315099999,"EVANGER, NO",214,47.33,75.2,11.0,0.0
06735099999,"ADELBODEN, CH",232,47.33,73.2,16.4,36.51
06724099999,"MONTANA, CH",232,47.32,73.4,20.0,18.4
01442099999,"BYGLANDSFJORD, NO",236,47.28,72.9,14.5,7.9
01485099999,"DANDE GALLEBERG, NO",230,47.27,73.4,11.0,0.0
02998099999,"HELSINKI KUMPULA, FI",236,47.24,76.2,15.2,0.56
01023199999,"DRAUGEN, NO",226,47.21,73.9,27.0,0.0
06012099999,"KIRKJA, DA",212,47.21,61.4,29.3,25.01
11918099999,"LIESEK, LO",236,47.2,71.8,15.5,19.03
13582099999,"KRUSEVO, MK",2,47.2,48.7,45.7,0.29
15107099999,"TOPLITA, RO",236,47.17,75.4,14.3,16.54
06619099999,"BULLET LA FRETAZ, CH",232,47.15,75.9,20.0,24.85
01449099999,"GJERSTAD, NO",215,47.11,73.4,3.3,0.0
11766099999,"CERVENA, EZ",236,47.1,76.6,17.6,18.43
01425099999,"EIK HOVE, NO",236,47.09,71.4,8.8,41.65
02418099999,"KARLSTAD, SW",236,47.08,74.2,4.1,0.0
01355099999,"LAERDAL IV, NO",236,47.08,74.6,12.8,0.0
15127099999,"JOSENI, RO",236,47.07,74.8,14.5,27.25
01270099999,"KVITHAMAR, NO",18,47.06,67.5,31.2,3.09
02773099999,"TURKU ARTUKAINEN, FI",236,47.06,76.8,17.7,0.53
07207099999,"BELLE ILE LE TALUT, FR",13,47.01,56.8,36.2,2.66
02724099999,"LUMPARLAND LANGNAS HARBOUR, FI",234,46.94,74.0,22.5,1.45
02661099999,"KOSTA ORREFORS, SW",215,46.94,70.8,17.0,15.5
02550099999,"JONKOPING, SW",236,46.93,72.2,16.8,0.0
02747099999,"TURKU RAJAKARI, FI",236,46.93,75.1,21.5,0.0
11464099999,"MILESOVKA, EZ",236,46.91,77.7,17.7,17.71
03039099999,"BEALACH NA BA NUMBER 2, UK",143,46.87,69.6,32.0,0.0
02556099999,"HAGSHULT, SW",236,46.87,71.2,15.7,0.0
12001099999,"PETROBALTIC BETA, PL",74,46.86,70.4,27.7,0.0
01209099999,"ORSTA VOLDA HOVDEN, NO",236,46.86,74.2,8.1,0.0
02743099999,"KEMIONSAARI VANO, FI",236,46.86,74.0,22.4,0.0
11366099999,"SAALBACH, AU",234,46.85,73.8,9.6,30.07
03031099999,"LOCH GLASCARNOCH, UK",229,46.83,68.3,14.6,27.98
04085099999,"SKJALDTHINGSSTADIR, IC",26,46.79,78.8,18.5,0.0
02950099999,"PARAINEN FAGERHOLM, FI",235,46.79,75.2,22.0,0.0
06011099999,"TORSHAVN, DA",230,46.79,57.8,29.1,26.88
01271099999,"VAERNES TRONDHEIM, NO",236,46.78,79.8,11.6,23.37
06005099999,"MYKINES, DA",224,46.76,61.7,31.6,0.0
11148099999,"ST. MICHAEL IM LUNGAU, AU",234,46.74,71.6,10.7,19.34
01112099999,"BRONNOY BRONNOYSUND, NO",236,46.73,78.6,23.7,0.0
01376099999,"GULSVIK II, NO",236,46.73,75.2,4.4,12.57
01262099999,"NORDOYAN FYR, NO",236,46.72,73.4,26.5,0.0
01242099999,"AFJORD II, NO",215,46.71,79.2,15.2,0.75
02458099999,"UPPSALA, SW",236,46.67,72.3,7.0,0.0
02981099999,"PARAINEN UTO, FI",236,46.66,73.6,23.8,8.42
06721099999,"BINN, CH",235,46.64,75.7,16.7,20.93
11351099999,"RAMSAU DACHSTEIN, AU",235,46.61,72.8,16.4,0.0
02746099999,"HANKO TULLINIEMI, FI",236,46.61,73.3,21.9,0.0
07645099999,"NIMES COURBESSAC, FR",13,46.6,55.4,36.4,0.24
02750099999,"HANKO TVARMINNE, FI",236,46.59,72.6,19.3,1.17
02985199999,"ESPOO TAPIOLA, FI",236,46.58,73.7,15.3,0.55
02490099999,"SVANBERGA, SW",235,46.56,71.4,8.6,10.26
12625099999,"ZAKOPANE, PL",236,46.53,73.0,13.3,24.19
07300099999,"SAINT SAUVEUR, FR",13,46.52,55.0,34.6,1.5
02000199999,"LJUNGBYHED, SW",191,46.51,69.6,17.3,0.0
07100099999,"OUESSANT, FR",13,46.49,55.6,41.2,2.06
02706099999,"LOHJA PORLA, FI",236,46.47,73.5,15.0,0.82
01102099999,"SKLINNA FYR, NO",235,46.46,73.0,27.9,0.0
06728099999,"GRAECHEN, CH",236,46.45,72.6,17.6,29.51
06009099999,"AKRABERG, DA",230,46.45,59.8,30.7,6.55
01455099999,"TVEITSUND, NO",236,46.44,71.3,10.2,16.89
01232099999,"VINJEORA II, NO",236,46.43,74.6,14.3,24.11
02906099999,"KEMIONSAARI KEMIO, FI",236,46.42,72.8,12.6,0.85
07103099999,"POINTE DU RAZ, FR",13,46.39,55.3,39.0,2.63
11383099999,"SEMMERING, AU",234,46.38,71.4,18.0,0.0
02428599999,"TORSBY, SW",236,46.38,73.2,-4.9,0.0
01453099999,"HYNNEKLEIV, NO",216,46.35,72.0,-2.2,0.0
06796099999,"STATION MARIA VAL MUESTAIR, CH",232,46.35,72.6,20.7,22.05
06639099999,"NAPF, CH",236,46.34,75.9,17.0,37.77
02984099999,"INKOO BAGASKAR, FI",236,46.34,73.3,18.8,0.0
02759099999,"PORVOO HARABACKA, FI",236,46.33,76.1,13.7,1.08
01102599999,"HEIDRUN, NO",236,46.33,67.3,26.6,0.0
02974099999,"HELSINKI VANTAA, FI",236,46.3,75.5,13.2,0.41
01473099999,"KONGSBERG BRANNSTASJON, NO",236,46.29,73.7,3.9,14.01
02794099999,"KIRKKONUMMI MAKILUOTO, FI",236,46.25,73.3,19.3,0.0
02741099999,"JOMALA JOMLABY, FI",236,46.25,74.4,17.6,0.88
06010099999,"VAGAR, FO",236,46.24,64.9,25.8,0.0
01116099999,"STOKKA SANDNESSJOEN, NO",236,46.23,76.9,22.0,0.0
01384099999,"GARDERMOEN OSLO, NO",236,46.21,74.5,3.3,20.0
16033099999,"DOBBIACO, IT",228,46.21,73.1,12.8,20.25
01282099999,"RORVIK RYUM, NO",236,46.21,77.6,23.3,0.0
02790099999,"KUMLINGE KK, FI",233,46.16,74.5,21.8,0.0
02991099999,"PORVOO EMASALO, FI",236,46.15,76.5,15.7,0.0
02967099999,"KOTKA HAAPASAARI, FI",236,46.14,78.0,15.8,0.0
01468099999,"KONGSVINGER, NO",232,46.12,73.5,-3.0,15.07
02435099999,"BORLANGE, SW",236,46.1,71.1,6.6,0.0
02757099999,"RAASEPORI JUSSARO, FI",236,46.1,72.8,19.7,0.0
02828099999,"KAARINA YLTOINEN, FI",235,46.09,73.8,13.5,0.69
02992099999,"LOVIISA ORRENGRUND, FI",236,46.05,77.0,16.3,0.0
01117099999,"TJOTTA, NO",233,46.04,79.6,22.1,0.0
02972099999,"TURKU, FI",236,46.03,73.4,16.6,0.0
06798099999,"SCUOL, CH",232,46.02,71.1,12.6,21.21
02460099999,"ARLANDA, SW",236,45.97,70.7,11.8,0.0
01337099999,"VOSSEVANGEN, NO",236,45.95,74.8,1.7,27.59
11938099999,"TELGART, LO",236,45.95,71.9,16.0,19.31
01257099999,"TRONDHEIM VOLL, NO",236,45.95,79.3,14.0,24.7
02937099999,"KOKEMAKI TULKKILA, FI",236,45.94,76.5,14.1,0.38
02943099999,"TAMPERE SIILINKARI, FI",227,45.94,77.1,15.6,0.0
02754099999,"HAMEENLINNA KATINEN, FI",236,45.92,75.0,11.9,0.67
07438099999,"LA ROCHE, FR",16,45.91,59.9,27.1,2.24
02611099999,"HELSINGBORG, SW",14,45.9,52.2,39.5,0.09
06617099999,"LA BREVINE, CH",236,45.9,68.5,5.0,30.66
02976099999,"KOTKA RANKKI, FI",236,45.9,77.1,14.9,0.85
02493099999,"SODERARM, SW",207,45.88,71.7,22.1,0.0
02795099999,"HELSINKI HARMAJA, FI",236,45.88,76.3,18.7,0.0
01419099999,"LIARVATN, NO",236,45.88,71.5,11.6,50.04
02980099999,"LEMLAND NYHAMN, FI",236,45.86,73.5,25.3,0.0
01277099999,"STEINKJER, NO",235,45.85,78.4,12.7,26.05
01477099999,"KONNERUD, NO",236,45.84,73.6,7.0,30.21
01108099999,"VEGA VALLSJO, NO",235,45.84,76.6,21.8,28.56
02970099999,"MARIEHAMN, FI",236,45.83,73.5,12.6,0.0
01272099999,"FROSTA, NO",177,45.82,79.1,16.9,5.55
01203099999,"KRAKENES, NO",190,45.82,69.9,29.5,0.0
01471099999,"VEGGLI II, NO",236,45.82,71.7,8.1,12.18
01290099999,"NAMSOS AIRPORT, NO",236,45.78,79.3,16.1,0.0
02987099999,"PORVOO KALLBADAGRUND, FI",236,45.72,75.4,19.3,0.0
01385099999,"HAMER, NO",236,45.72,74.9,4.2,12.2
02952099999,"PORI, FI",236,45.71,77.5,15.9,0.0
07622099999,"LAMOTHE AUCH GERS, FR",13,45.69,54.9,29.9,0.38
01121099999,"SOLVAER III, NO",236,45.69,73.0,25.5,0.0
15302099999,"PREDEAL, RO",236,45.64,74.2,12.3,79.25
01386099999,"HAMAR II, NO",236,45.62,73.8,0.1,9.49
06252099999,"K13 A, NL",135,45.59,56.7,34.8,0.0
02830099999,"KOUVOLA ANJALA, FI",236,45.58,77.1,9.4,1.43
02964099999,"KUSTAVI ISOKARI, FI",236,45.57,72.6,22.4,2.28
01336099999,"BULKEN, NO",218,45.57,73.7,12.4,3.55
07203099999,"BEG MELEN, FR",13,45.56,55.6,34.3,3.3
01234099999,"ORKDAL THAMSHAMN, NO",236,45.55,75.7,4.3,22.16
02965099999,"LAHTI LAUNE, FI",222,45.52,77.3,10.5,0.0
01115099999,"MYKEN, NO",235,45.52,69.3,28.5,19.42
01087699999,"NORNE OIL PLATFORM, NO",236,45.5,65.9,27.8,0.0
11173099999,"FISHBACH, AU",7,45.49,71.6,23.6,0.0
01321099999,"STRYN, NO",236,45.49,75.9,12.0,26.37
06777099999,"MONTE GENEROSO, CH",232,45.48,72.0,21.5,49.69
15163099999,"BAISOARA, RO",236,45.48,72.3,11.6,39.0
02763099999,"TAMPERE HARMALA, FI",236,45.47,76.2,12.9,1.06
02975099999,"HELSINKI MALMI, FI",211,45.47,75.7,13.4,0.0
01392099999,"FLISA II, NO",233,45.45,73.0,-4.9,12.1
02704099999,"HATTULA LEPAA AWS, FI",236,45.43,74.1,11.9,0.48
02768099999,"HEINOLA ASEMANTAUS, FI",236,45.43,76.8,8.1,0.82
07139099999,"ALENCON VALFRAMBERT, FR",19,45.42,69.4,27.8,3.0
01382099999,"KISE, NO",235,45.42,72.9,6.2,12.85
02761099999,"RAUMA KYLMAPIHLAJA, FI",236,45.37,72.1,22.2,0.0
06759099999,"CIMETTA, CH",236,45.36,72.4,20.9,44.32
01444099999,"VALLE, NO",217,45.36,71.0,-3.1,5.85
11119099999,"SEEFELD, AU",236,45.35,68.6,12.7,2.66
01488099999,"HAKADAL, NO",236,45.32,73.7,1.3,17.83
02829099999,"HYVINKAA HYVINKAANKYLA, FI",236,45.31,75.4,11.8,0.24
11161099999,"PRAEBICHL, AU",236,45.3,70.6,17.5,2.44
02963099999,"JOKIOINEN, FI",235,45.28,73.4,13.2,0.87
07116099999,"BATZ ISLAND, FR",13,45.28,56.4,36.6,3.73
01323099999,"BRINGELAND FORDE, NO",236,45.25,77.1,17.5,0.0
07628099999,"MURET LHERM, FR",13,45.23,54.4,29.1,0.95
02993099999,"HAMMARLAND MARKET, FI",236,45.2,72.3,23.2,0.0
07563099999,"AVIGNON, FR",13,45.2,56.4,34.4,0.35
04146099999,"VESTMANNAEYJABAER, IC",236,45.18,62.0,23.8,0.0
01484099999,"AURSKOG, NO",236,45.16,71.7,-5.9,16.38
02777099999,"SALO KIIKALA AIRFIELD, FI",236,45.14,74.4,12.5,0.64
02727099999,"ASIKKALA PULKKILANHARJU, FI",236,45.12,76.3,10.5,0.0
15301099999,"FUNDATA, RO",236,45.11,74.5,11.3,23.01
15316099999,"CUNTU, RO",236,45.1,74.3,10.8,63.81
11129099999,"PASSO DEL BRENNERO, IT",236,45.1,70.3,15.0,2.26
02758099999,"VIHTI MAASOJA, FI",236,45.1,72.5,9.7,0.0
02756099999,"SALO KARKKA, FI",221,45.09,74.3,10.7,1.02
02966099999,"UTTI, FI",236,45.06,78.0,5.5,0.0
01139099999,"VAEROY HELIPORT, NO",109,45.04,66.2,29.3,0.0
02751099999,"PORI TAHKOLUOTO HARBOUR, FI",236,44.99,73.1,22.3,0.0
11457099999,"CHURANOV, EZ",236,44.98,72.7,15.0,26.34
02989099999,"HELSINKI LIGHTHOUSE, FI",225,44.96,74.2,19.2,0.0
02944099999,"TAMPERE PIRKKALA, FI",236,44.95,76.0,13.3,0.0
02831099999,"VIROLAHTI KOIVUNIEMI, FI",236,44.92,76.9,6.9,2.6
01332099999,"FJAERLAND BREMUSEET, NO",236,44.91,69.5,8.5,39.64
04170099999,"SKARDSFJORUVITI, IC",236,44.9,60.2,12.0,0.0
02957099999,"VAASA KLEMETTILA, FI",236,44.84,76.1,12.6,2.13
16219099999,"TERMINILLO MOUNTAIN, IT",233,44.83,67.7,18.3,34.35
02982099999,"HANKO RUSSARO, FI",220,44.77,71.3,21.9,0.43
02765099999,"LUHANKA JUDINSALO, FI",236,44.77,77.4,9.0,0.0
01152099999,"BODO, NO",236,44.74,74.2,18.2,26.59
06748099999,"ZERMATT, CH",232,44.71,70.8,16.1,13.94
07121099999,"BREHAT ISLAND, FR",13,44.7,57.1,36.5,3.49
02767099999,"HAMEENLINNA LAMMI PAPPILA, FI",236,44.69,74.1,9.4,0.33
02958099999,"LAPPEENRANTA, FI",236,44.66,78.7,3.6,0.78
02718099999,"PUUMALA KK URHEILUKENTTA, FI",236,44.66,77.4,4.3,0.46
04120099999,"GRINDAVIK, IC",236,44.64,62.8,21.3,0.0
01144099999,"HELLIGVAER II, NO",236,44.64,71.2,23.7,0.0
02956099999,"KOUVOLA UTTI LENTOPORTINTIE, FI",232,44.62,76.6,5.2,0.02
01114099999,"REIPA, NO",236,44.61,73.0,12.9,43.01
02931099999,"KASKINEN SALGRUND, FI",236,44.61,74.8,16.8,1.0
15069099999,"POIANA STAMPEI, RO",236,44.6,70.6,11.2,90.64
01107099999,"ROST NOR AFB, NO",236,44.57,65.3,28.8,22.23
01378099999,"LILLEHAMMER SAETHERENGEN, NO",236,44.55,73.2,4.3,15.61
01146099999,"SKAMDAL, NO",201,44.55,74.7,16.0,0.0
02946099999,"JAMSA HALLI LENTOASEMANTIE, FI",236,44.52,76.7,5.0,0.27
02850099999,"VARKAUS KOLSUANNIEMI, FI",236,44.5,79.0,0.9,0.34
01160099999,"SKROVA FYR, NO",235,44.49,72.6,24.6,0.0
01293099999,"MERAKER EGGE, NO",223,44.46,75.9,4.3,30.95
02949099999,"SOMERO SALKOLA, FI",236,44.43,72.6,13.9,0.73
02753099999,"KANKAANPAA NIINISALO AIRFIELD, FI",236,44.42,76.9,13.3,1.17
15254099999,"PALTINIS SIBIU, RO",236,44.39,73.5,10.4,25.71
01273099999,"SELBU, NO",236,44.37,75.8,5.9,21.76
04030099999,"REYKJAVIK, IC",236,44.34,60.5,14.3,0.0
01373099999,"NESBYEN TODOKK, NO",236,44.32,73.0,-5.1,9.42
07540099999,"MONTAUBAN, FR",13,44.32,52.3,28.2,0.8
02752099999,"KRISTIINANKAUPUNKI LIGHTHOUSE, FI",236,44.3,72.3,18.5,0.0
01490099999,"TRYVANNSHOGDA, NO",236,44.3,74.4,17.0,28.52
02955099999,"KUOPIO SAVILAHTI, FI",236,44.27,79.8,-2.1,1.13
11643099999,"PEC POD SNEZKOU, EZ",236,44.24,70.1,12.1,24.83
01221099999,"TAGDALEN, NO",204,44.19,76.1,13.0,2.1
02911099999,"VAASA, FI",236,44.14,74.8,10.9,0.0
04072099999,"FAGURHOLSMYRI, IC",236,44.14,64.0,18.5,0.0
01368099999,"LEIRIN, NO",9,44.12,56.4,14.9,0.0
06722099999,"EVOLENE VILLAZ, CH",236,44.12,70.3,14.4,16.79
02772099999,"RANTASALMI RUKKASLUOTO, FI",236,44.08,80.0,2.3,0.0
11308099999,"WARTH, AU",232,44.06,68.5,10.4,39.84
02945099999,"HALLI, FI",236,44.06,76.2,4.7,0.0
15315099999,"SEMENIC, RO",236,44.05,72.6,9.9,23.06
01133099999,"LAKSFORS, NO",214,44.04,75.3,7.0,1.84
02833099999,"SEINAJOKI PELMAA, FI",236,44.03,75.8,7.5,1.04
06716099999,"MOTTEC, CH",236,44.02,68.6,13.3,17.13
04124099999,"STRAUMSVIK, IC",236,43.99,59.9,10.4,0.0
02947099999,"MIKKELI, FI",236,43.98,76.5,3.3,0.5
02780099999,"KORSNAS BREDSKARET, FI",230,43.95,73.7,15.3,0.0
01143099999,"DRAG AJLUOKTA, NO",236,43.92,72.6,16.2,29.09
15325099999,"SINAIA 1500, RO",236,43.9,72.9,9.8,63.94
01105099999,"ROTVAER, NO",221,43.9,69.3,21.2,0.0
01158099999,"SETSA, NO",216,43.86,73.3,9.0,1.14
04064099999,"KIRKJUBAEJARKLAUSTUR, IC",236,43.84,63.0,18.9,0.0
04048099999,"VESTMANNAEYJAR, IC",236,43.84,59.7,22.8,0.0
07020099999,"LA HAGUE, FR",13,43.79,54.2,36.0,1.84
01161099999,"SVOLVAER HELLE, NO",236,43.79,71.6,22.6,0.0
02919099999,"LAPPEENRANTA HIEKKAPAKKA, FI",232,43.78,77.1,3.1,0.0
15118099999,"STANA DE VALE, RO",236,43.78,67.8,8.1,44.3
11241099999,"SCHOECKL, AU",236,43.77,70.0,12.0,21.69
07117099999,"PLOUMANAC H PERROS GUIREC, FR",13,43.75,56.6,34.1,3.43
04018016201,"KEFLAVIK, IC",236,43.71,60.1,22.1,0.0
07330099999,"SOUCHE NIORT MARAIS POITEVIN, FR",13,43.71,55.4,32.2,3.38
02781099999,"STROMMINGSBADN, FI",236,43.7,73.3,20.1,0.0
02778099999,"SAVONLINNA PUNKAHARJU, FI",236,43.7,76.6,-0.3,0.39
02917099999,"KUOPIO, FI",236,43.7,78.5,-2.3,0.0
04065599999,"BILDUDALUR, IC",200,43.7,63.3,20.2,0.0
15320099999,"PARANG, RO",236,43.69,71.2,10.0,68.52
01156099999,"BO I VESTERALEN, NO",236,43.69,70.9,24.7,23.8
02915099999,"VIITASAARI, FI",236,43.69,78.5,-0.5,0.25
02736099999,"JUVA PARTALA, FI",236,43.69,76.3,0.6,0.0
14324099999,"ZAVIZAN, HR",236,43.67,69.1,12.3,44.38
02948099999,"SAVONLINNA, FI",236,43.67,76.7,-0.2,0.0
02733099999,"LAPPEENRANTA KONNUNSUO, FI",236,43.67,75.4,-0.0,0.0
04130099999,"REYKJAVIK, IC",236,43.66,61.3,16.8,0.0
07577099999,"MONTELIMAR ANCONE, FR",13,43.65,54.0,34.6,0.94
01122099999,"KJAERSTAD, NO",236,43.63,76.8,9.2,39.84
02732099999,"KUOPIO RITONIEMI, FI",236,43.62,79.1,-2.3,0.0
02769099999,"KAUHAJOKI KUJA KOKKO, FI",236,43.62,76.3,11.6,3.37
06702099999,"LA DOLE, CH",232,43.62,73.2,16.8,33.41
01327099999,"KVAMSKOGEN JONSHOGDI, NO",236,43.62,73.1,13.7,62.13
02924599999,"SEINAJOKI, FI",236,43.61,77.6,6.5,0.0
02366099999,"SUNDSVALL HARNOSAND SUNDSVALL TIMRA, SE",236,43.61,72.7,8.3,0.0
01254099999,"KOTSOY, NO",236,43.6,73.0,3.9,23.86
04082099999,"HORNAFJORDUR, IC",235,43.56,64.4,19.3,0.0
07535099999,"GOURDON, FR",13,43.55,53.3,25.2,1.44
01224099999,"AALESUND, NO",127,43.53,57.8,24.9,1.29
02910099999,"MUSTASAARI VALASSAARET, FI",236,43.52,72.8,17.4,0.0
02770099999,"JUUPAJOKI HYYTIALA, FI",236,43.5,74.4,4.6,0.73
11933099999,"STRBSKE PLESO, LO",236,43.49,71.5,9.1,18.83
07632099999,"ALBI LE SEQUESTRE, FR",13,43.48,50.7,25.4,0.87
04104099999,"GUFUSKALAR, IC",235,43.48,60.7,21.7,0.0
11337099999,"LOFERER ALM, AU",232,43.48,70.6,13.5,29.3
01291099999,"GARTLAND, NO",236,43.45,77.2,4.2,39.15
04038099999,"EYRARBAKKI, IC",236,43.42,64.7,9.3,0.0
02913099999,"KAUHAVA, FI",236,43.41,75.3,5.2,0.41
01227099999,"INNERDALEN, NO",236,43.39,74.5,10.7,23.52
13378099999,"KOPAONIK, RI",236,43.38,74.5,8.4,18.79
04195099999,"ICELAND SITE, IC",236,43.34,68.9,16.9,0.0
02734099999,"PARIKKALA KOITSANLAHTI, FI",236,43.33,76.2,-1.3,0.73
02428499999,"MORA, SW",215,43.32,75.2,3.3,0.0
02771099999,"JOUTSA LEIVONMAKI SAVENAHO, FI",236,43.32,74.6,2.4,0.86
02708099999,"KARVIA ALKKIA, FI",236,43.27,76.3,6.8,0.78
01141099999,"LEKNES, NO",236,43.26,71.0,14.8,39.63
02924099999,"AHTARI MYLLYMAKI, FI",236,43.26,76.1,0.4,1.92
01253099999,"SOKNEDAL, NO",236,43.25,73.7,6.4,20.85
14006099999,"VOGEL, SI",236,43.25,68.5,12.7,91.88
15148099999,"BUCIN, RO",234,43.24,71.0,10.7,25.15
02935099999,"JYVASKYLA, FI",236,43.24,76.1,-1.8,0.85
02788099999,"KUOPIO MAANINKA, FI",236,43.2,78.2,-4.2,0.95
01308099999,"FURUNESET, NO",14,43.2,57.9,32.0,2.21
02852099999,"KOKKOLA HOLLIHAKA, FI",236,43.13,75.3,5.0,1.51
02735099999,"VIRRAT AIJANNEVA, FI",236,43.12,76.1,1.7,0.0
01281099999,"NAMSSKOGAN, NO",235,43.12,77.9,2.7,36.55
02267099999,"ORNSKOLDSVIK, SW",236,43.06,74.8,3.5,0.0
02293099999,"SKELLEFTEA, SW",234,43.06,78.6,-2.7,0.0
07361099999,"GUERET ST LAURENT, FR",14,43.04,63.6,25.7,2.68
02928099999,"JOENSUU LINNUNLAHTI, FI",236,43.03,78.2,0.0,1.21
01124099999,"SNASA, NO",189,43.03,76.5,3.8,0.82
11958099999,"KOJSOVSKA HOLA, LO",233,43.02,71.2,9.2,19.13
06793099999,"VALBELLA, CH",232,43.01,67.5,13.5,23.14
04013099999,"STYKKISHOLMUR, IC",233,43.0,62.3,17.9,0.0
06605099999,"CHASSERAL, CH",230,42.98,72.2,15.1,12.17
02721099999,"KOKKOLA TANKAR, FI",236,42.95,75.2,10.5,0.0
01463099999,"AS, NO",31,42.95,68.9,19.4,0.68
04013199999,"ISAFJORDUR, IC",234,42.94,65.3,20.7,0.0
06695099999,"ANDERMATT, CH",232,42.94,65.6,0.7,21.38
02793099999,"LIPERI TUISKAVANLUOTO, FI",236,42.93,79.7,-1.8,0.0
04137099999,"AKUREYRI A, IC",236,42.86,68.9,13.9,0.0
04160099999,"THUFUVER, IC",90,42.86,63.6,-1.4,0.0
02259099999,"KRAMFORS SOLLEFTEA, SW",235,42.85,74.0,-6.8,0.0
02903099999,"KRUUNUPYY KOKKOLA PIETARSAARI, FI",234,42.84,75.0,5.7,0.0
11349099999,"KATSCHBERG, AU",232,42.8,69.0,14.4,22.72
11155099999,"FEUERKOGEL, AU",236,42.79,69.5,14.0,1.88
02286099999,"UMEA, SW",236,42.79,74.4,-0.5,0.0
06784099999,"DAVOS, CH",232,42.76,67.8,9.7,24.04
02942099999,"KANKAANPAA NIINISALO PUOLVOIM, FI",212,42.72,77.3,14.2,67.8
02920099999,"PIETARSAARI KALLAN, FI",236,42.69,74.4,10.8,0.0
02929099999,"JOENSUU, FI",236,42.67,76.9,0.3,0.0
04089099999,"EGILSSTADIR, IC",236,42.64,71.6,2.7,0.0
01180099999,"HARSTAD, NO",236,42.63,72.0,16.1,24.83
02710099999,"VESANTO SONKARI, FI",236,42.63,76.8,-3.7,0.13
01148099999,"STORFORSHEI, NO",200,42.62,72.3,3.8,3.72
04034099999,"STAFHOLTSEY, IC",236,42.62,62.9,3.8,0.0
04103099999,"PATREKSFJORDUR, IC",236,42.56,61.1,19.9,0.0
04063099999,"AKUREYRI, IC",236,42.56,66.6,6.5,0.0
06783099999,"S BERNARDINO, CH",232,42.52,68.8,17.2,48.0
04131099999,"GJOGUR, IC",216,42.52,60.2,22.4,0.0
01162099999,"STORKMARKNES SKAGEN, NO",236,42.51,69.8,15.5,0.0
01367099999,"FAGERNES, NO",235,42.47,72.9,-11.1,10.79
06785099999,"AROSA, CH",236,42.46,68.3,10.6,28.49
02226099999,"ARE OSTERSUND, SE",236,42.44,75.9,6.2,0.0
01135099999,"SELJELIA, NO",236,42.4,74.7,10.1,50.42
11312099999,"GALTUER, AU",232,42.37,66.5,3.8,25.78
01245099999,"OPPDAL SETER, NO",236,42.27,73.9,8.9,14.62
01383099999,"EVENSTAD DIH, NO",236,42.26,72.7,-9.6,0.0
01183099999,"EVENES HARSTAD NARVIK, NO",236,42.26,72.1,0.2,0.0
01169099999,"SALTDAL NORDNES, NO",236,42.24,73.4,-2.9,19.82
02872099999,"RAAHE LAPALUOTO HARBOUR, FI",234,42.23,77.3,-0.9,0.0
11180099999,"RAX SEILBAHN BERGSTATION, AU",232,42.19,68.5,10.8,24.38
02737099999,"TOHOLAMPI LAITALA, FI",236,42.12,73.5,-5.1,0.48
04101099999,"BJARGTANGAR, IC",236,42.1,58.6,20.0,0.0
01033099999,"TORSVAG FYR, NO",236,42.09,72.5,23.1,0.0
02927099999,"MULTIA KARHILA, FI",236,42.09,74.8,-0.7,0.44
01431099999,"SIRDAL SINNES, NO",236,42.09,68.7,-1.9,28.1
02875099999,"OULU, FI",236,42.08,79.2,-2.9,0.0
01010099999,"ANDOYA, NO",236,42.07,67.4,17.3,33.26
02851099999,"OULU OULUNSALO PELLONPAA, FI",222,42.01,79.2,-2.8,0.0
06751099999,"ROBIEI, CH",235,41.97,69.1,20.3,50.15
01371099999,"LOKEN I VOLBU, NO",235,41.97,72.0,-1.6,11.99
02832099999,"TOHMAJARVI KEMIE, FI",234,41.95,74.4,-0.0,1.32
01015099999,"HEKKINGEN FYR, NO",233,41.94,69.0,18.5,0.0
07230099999,"BEAUCOUZE, FR",13,41.9,54.9,31.5,3.02
04073099999,"GRIMSSTADIR, IC",183,41.87,71.5,5.9,0.0
15297099999,"OBARSIA LOTRULUI, RO",236,41.85,68.1,8.1,18.14
02939099999,"ILOMANTSI MEKRIJARVI, FI",235,41.79,76.8,1.1,1.39
04069099999,"STADARHOLL, IC",236,41.78,67.9,10.2,0.0
07570099999,"LANAS SYN, FR",13,41.77,50.0,33.3,1.17
04005099999,"BOLUNGAVIK, IC",236,41.76,59.8,21.9,0.0
02787099999,"ALAJARVI MOKSY, FI",236,41.76,74.1,0.7,0.68
02186099999,"KALLAX LULEA, SE",236,41.76,78.1,-4.5,0.0
04197099999,"DALATANGI, IC",236,41.73,60.0,21.8,0.0
04071099999,"MANARBAKKI, IC",230,41.73,61.7,15.6,0.0
02876099999,"OULU VIHREASAARI HARBOUR, FI",236,41.72,78.5,-2.0,0.0
02797099999,"HAAPAVEST MUSTIKKAMAKI, FI",236,41.68,76.3,-6.2,0.0
02796099999,"LIEKSA LAMPELA, FI",236,41.63,76.8,-2.2,0.47
02800099999,"RAAHE NAHKIAINEN, FI",236,41.6,74.7,9.2,0.0
02803099999,"SIIKAJOKI REVONLAHTI, FI",236,41.6,76.3,-3.8,0.58
02798099999,"VALTIMO KK, FI",236,41.59,76.4,-2.2,0.46
04017099999,"AEDEY, IC",236,41.56,58.2,20.3,0.0
07588099999,"ST AUBAN SUR DURANC, FR",13,41.55,50.8,33.1,0.57
04007099999,"HOLAR I DYRAFIRDI, IC",236,41.52,57.8,14.6,0.0
02907099999,"KALAJOKI ULKOKALLA, FI",236,41.5,74.6,12.4,0.0
04065099999,"GRIMSEY ISLAND, IC",185,41.48,60.8,22.4,0.0
01027099999,"TROMSO HOLT, NO",213,41.47,69.9,18.0,16.5
01151099999,"MOIRANA, NO",236,41.46,75.1,-1.2,0.0
11787099999,"LYSA HORA, EZ",236,41.45,70.1,9.4,45.66
02883099999,"KAJAANI PETAISENNISKA, FI",236,41.41,77.3,-3.9,0.69
01389099999,"RENA AIRPORT, NO",232,41.34,72.6,-13.6,14.33
01447099999,"HOYDALSMO II, NO",235,41.33,68.0,-5.8,15.56
02834099999,"VIEREMA KAARAKKALA, FI",236,41.32,76.3,-5.7,0.57
06609099999,"LE MOLESON, CH",232,41.31,69.1,12.7,22.96
02791099999,"JUUKA NIEMELA, FI",236,41.31,73.8,-3.5,0.34
01042099999,"HASVIK SLUSKFJELLET, NO",132,41.3,72.5,15.4,0.0
02738099999,"PYHAJARVI OL OJAKYLA, FI",236,41.28,75.5,-5.9,0.7
16134099999,"CIMONE MOUNTAIN, IT",232,41.25,63.4,10.4,15.63
02874099999,"HAILUOTO ISLAND, FI",236,41.25,77.7,-5.0,0.59
02725099999,"HALSUA KANALA PUROLA, FI",233,41.22,72.7,-2.0,0.0
15284099999,"PENTELEU, RO",236,41.2,70.6,6.8,30.0
01192099999,"STRAUMSNES, NO",236,41.2,71.7,10.1,31.07
01037099999,"SKIBOTN 2, NO",236,41.13,72.1,4.4,13.26
02755099999,"YLIVIESKA AIRFIELD, FI",236,41.1,74.1,-8.3,0.98
01357099999,"HOLLEKOLTEN, NO",236,41.09,69.4,6.7,0.0
02739099999,"SOTKAMO KUOLANIEMI, FI",236,41.05,74.3,-4.5,5.99
01132099999,"MAJAVATN V, NO",236,41.04,75.5,-0.5,35.32
02873099999,"HAILUOTO MARJANIEMI, FI",236,41.0,77.7,-2.1,0.0
01347099999,"SOGNDAL HAUKASEN, NO",205,41.0,75.9,10.6,0.0
01045099999,"NORDSTRAUM I KVAENANGEN, NO",236,41.0,70.6,15.0,12.6
07482099999,"AMBERIEU, FR",13,40.94,53.2,23.0,1.52
13492099999,"POPOVA SAPKA, MK",2,40.85,41.1,40.6,0.32
01026099999,"TROMSO, NO",236,40.85,70.7,16.0,36.78
04196099999,"KAMBANES, IC",236,40.84,55.2,23.0,0.0
01344099999,"MJOLFJELL, NO",236,40.84,68.9,1.8,35.14
01025099999,"TROMSO, NO",236,40.81,69.5,13.4,0.0
11127099999,"OBERGURGL, AU",232,40.8,65.9,7.6,16.96
02789099999,"RAUTAVAARA YLA LUOSTA, FI",233,40.79,76.6,-3.2,0.48
02897099999,"KAJAANI, FI",236,40.76,76.5,-8.1,0.0
11149099999,"OBERTAUERN, AU",236,40.75,67.2,12.6,28.29
17046099999,"ARDAHAN, TU",236,40.75,72.8,-7.6,16.08
01233099999,"DOMBAAS, NO",236,40.74,72.2,2.7,6.71
07010099999,"DUNKERQUE, FR",14,40.74,48.8,30.8,2.2
10238099999,"BERGEN MIL, GM",1,40.7,40.7,40.7,0.0
02863099999,"KEMI I LIGHTHOUSE, FI",236,40.67,75.3,3.0,0.0
07156099999,"PARIS MONTSOURIS, FR",13,40.65,51.0,31.4,1.98
07255099999,"BOURGES, FR",13,40.65,53.0,29.5,1.56
01046099999,"SORKJOSEN, NO",236,40.63,71.9,9.6,0.0
02245599999,"LYCKSELE, SW",231,40.62,76.6,-13.6,0.0
04165099999,"GRIMSEY, IC",236,40.62,60.1,23.2,0.0
04123099999,"HORNBJARGSVITI, IC",234,40.56,55.6,24.5,0.0
02154099999,"VIDSEL, SW",236,40.54,76.1,-6.9,17.12
04154099999,"BURFELL, IC",236,40.51,66.8,7.2,0.0
01044099999,"HASVIK, NO",235,40.5,69.0,20.2,0.0
01043099999,"ROGNSUNDET, NO",216,40.48,69.1,10.4,0.0
07046099999,"LE HAVRE OCTEVILLE, FR",15,40.46,52.0,30.0,3.29
07477099999,"LES SAUVAGES, FR",13,40.43,53.7,26.0,1.0
01250099999,"FOLLDAL FREDHEIM, NO",22,40.42,64.5,24.5,0.12
07257099999,"AVORD, FR",13,40.38,52.9,29.0,1.9
07487099999,"GRENONBLE LVD, FR",13,40.37,54.6,29.6,2.24
02862099999,"KEMI AJOS, FI",236,40.3,78.4,-5.2,0.0
07385099999,"MACON CHARNAY, FR",13,40.28,53.6,30.2,1.13
02282099999,"PETISTRASK, SW",221,40.26,75.1,-8.3,10.04
03072099999,"CAIRNWELL, UK",236,40.25,63.6,20.3,0.0
02714099999,"VAALA PELSO, FI",236,40.24,74.4,-6.8,0.72
01340099999,"FET I EIDFJORD, NO",236,40.14,69.1,3.4,14.34
04228099999,"KITSISSUT ATTU, GL",27,40.13,44.3,37.2,0.0
04175099999,"ICELAND SITE, IC",236,40.12,61.7,19.3,0.0
04077099999,"RAUFARHOFN, IC",236,40.12,58.7,13.9,0.0
07386099999,"DOLE TAVAUX, FR",13,40.11,53.0,28.3,1.39
02847099999,"ROVANIEMI RAUTATIEASEMA, FI",236,40.11,78.4,-14.5,0.0
11340099999,"SCHMITTENHOEHE, AU",232,40.07,66.8,9.1,35.89
07558099999,"MILLAU, FR",13,40.05,48.4,24.1,1.03
16021099999,"ROLLE PASS, IT",184,40.05,62.0,15.6,14.47
07245099999,"BLOIS LE BREUIL, FR",13,40.02,52.9,30.9,2.35
11730099999,"SERAK, EZ",226,39.91,67.2,9.2,45.77
01150099999,"HJARTASEN, NO",236,39.88,72.2,-0.4,36.37
02880099999,"TORNIO TORPPI, FI",231,39.87,75.4,-8.5,8.55
06779099999,"SEGL MARIA, CH",236,39.85,63.5,13.4,26.71
02866099999,"PUDASJARVI AIRFIELD, FI",236,39.84,77.3,-10.1,0.2
06744099999,"GRIMSEL HOSPIZ, CH",236,39.84,65.6,9.6,38.1
01055099999,"FRUHOLMEN FYR, NO",226,39.8,67.6,16.6,0.0
02514099999,"ARVIDSJAUR, SW",236,39.71,75.9,-4.2,0.0
01359099999,"GEILO OLDEBRATEN, NO",232,39.69,66.4,-1.2,12.25
01381099999,"APELSVOLL, NO",22,39.65,62.2,24.0,0.01
06630499999,"SAMEDAN, CH",236,39.64,62.3,1.6,19.83
02181099999,"OVERKALIX SVARTBYN, SW",221,39.57,75.1,-22.9,9.11
01068099999,"HONNINGSVAG VALAN, NO",236,39.54,71.4,16.3,0.0
01230099999,"BJORLI, NO",236,39.54,72.0,-13.0,12.8
01365099999,"BEITOSTOLEN II, NO",214,39.53,67.2,7.6,1.61
04183099999,"FONTUR, IC",236,39.52,54.5,23.2,0.0
02799099999,"KUHMO KALLIOJOKI, FI",236,39.51,77.8,-16.9,1.15
02864099999,"KEMI TORNIO, FI",236,39.5,77.5,-8.8,0.0
04360099999,"TASIILAQ, GL",154,39.44,59.2,17.4,6.56
01049099999,"ALTA, NO",236,39.4,71.9,-4.2,12.62
01147099999,"VARNTRESK, NO",236,39.36,73.2,5.5,23.29
06659099999,"PILATUS, CH",232,39.34,67.4,11.8,36.03
02308099999,"TANNAS, SW",222,39.32,69.4,8.5,15.54
02844099999,"PELLO CENTRE, FI",236,39.25,76.7,-21.8,0.38
01023099999,"BARDUFOSS, NO",236,39.25,71.6,-15.3,20.08
01265099999,"TYNSET HANSMOEN, NO",236,39.22,69.1,-18.7,13.6
07009099999,"CALAIS DUNKERQUE, FR",13,39.18,48.2,30.1,1.99
01052099999,"HAMMERFEST AIRPORT, NO",236,39.16,74.3,11.5,23.89
15262099999,"LACAUTI, RO",236,39.15,68.7,3.9,45.94
02151099999,"JOKKMOKK FPL, SW",216,39.15,74.5,-11.5,16.12
07288099999,"BESANCON THISE AUT, FR",13,39.06,52.9,28.1,2.78
07053099999,"CORMEILLES, FR",12,39.05,48.9,29.4,2.19
06754099999,"MATRO, CH",236,39.03,65.3,17.0,0.0
07140099999,"CHATEAUDUN, FR",13,38.98,51.5,29.9,1.03
02219099999,"GADDEDE A, SW",221,38.97,71.9,9.1,20.58
02845099999,"ROVANIEMI, FI",236,38.94,76.4,-15.1,0.43
07002099999,"BOULOGNE, FR",14,38.91,48.4,29.1,2.01
01287099999,"SOLENDET, NO",214,38.85,69.6,0.8,1.9
07040099999,"DIEPPE, FR",13,38.78,51.1,28.1,2.54
01088299999,"ROROS, NO",236,38.71,69.8,-5.5,0.0
15119099999,"VLADEASA 1800, RO",236,38.69,65.9,3.4,22.71
01434099999,"VAAGSLI, NO",231,38.68,66.4,-2.9,17.29
01288099999,"ROROS, NO",234,38.65,70.0,-8.5,13.6
02174099999,"LAKATRASK, SW",221,38.65,73.5,-15.5,10.0
02812099999,"YLITORNIO MELTOSJARVI, FI",232,38.65,74.1,-20.7,0.69
08568099999,"PENHAS DOURADAS, PO",15,38.65,68.6,29.4,3.73
01450099999,"MOSSTRAND II, NO",236,38.62,66.3,4.3,12.13
11110099999,"GALZIG, AU",232,38.6,66.0,8.9,36.41
01059099999,"BANAK LAKSELV, NO",236,38.56,74.3,-14.8,0.0
01092099999,"MAKKAUR FYR, NO",236,38.55,71.3,14.8,0.0
01078099999,"SLETTNES FYR, NO",233,38.54,69.1,14.0,0.0
01083099999,"BERLEVAG, NO",235,38.48,67.8,11.4,0.0
02859099999,"PUOLANKA PALJAKKA, FI",236,38.46,74.4,-2.2,1.37
01074099999,"MEHAMN, NO",235,38.46,72.7,10.6,0.0
07143099999,"CHARTRES CHAMPOL, FR",13,38.44,50.2,28.9,2.54
07145099999,"TRAPPES, FR",13,38.43,50.2,29.3,2.11
02881099999,"RANUA AIRFIELD, FI",236,38.39,76.0,-10.7,0.51
01370099999,"SKABU, NO",236,38.38,67.9,5.3,20.14
02889099999,"SUOMUSSALMI PESIO, FI",235,38.38,73.0,-13.1,0.79
01393099999,"DREVSJO, NO",236,38.36,68.0,-6.1,23.54
01098099999,"VARDO, NO",232,38.32,64.6,16.9,9.95
14652099999,"BJELASNICA, BK",133,38.25,67.3,6.2,37.98
02813099999,"ROVANIEMI APUKKA, FI",235,38.23,75.2,-14.7,0.57
02804099999,"TAIVALKOSKI KK URHEILUTIE, FI",236,38.17,74.6,-12.6,0.61
15033099999,"IEZER, RO",236,38.15,64.8,1.4,38.82
01239099999,"HJERKINN II, NO",214,37.96,66.8,6.5,1.5
11310099999,"ISCHGL IDALPE, AU",234,37.86,63.2,6.2,0.0
01466099999,"KJELLER AIRPORT, NO",11,37.86,64.9,2.3,0.0
01198099999,"DIVIDALEN II, NO",207,37.8,68.7,-13.9,0.03
04270099999,"NARSARSUAQ, GL",236,37.8,66.7,-5.5,0.0
02926099999,"PORI RAILWAY STATION, FI",155,37.76,72.0,17.1,0.24
02869099999,"KUUSAMO, FI",236,37.7,75.4,-11.7,0.0
07197099999,"MEYENHEIM, FR",13,37.69,49.7,26.6,1.35
01345099999,"KLEVAVATNET, NO",215,37.66,65.1,-3.4,22.93
01435099999,"HAUKELISETER TESTFELT, NO",236,37.61,66.4,1.1,24.03
01088099999,"VADSO, NO",236,37.6,70.5,8.8,0.0
06778099999,"BUFFALORA, CH",236,37.55,62.5,-1.6,28.08
01099099999,"VARDO AIRPORT SVARTNES, NO",232,37.52,67.3,14.0,0.0
02811099999,"KUUSAMO KIUTAKONGAS, FI",236,37.5,75.6,-18.2,1.33
15108099999,"CEAHLAU TOACA, RO",236,37.47,64.9,2.0,26.73
02814099999,"KEMIJARVI AIRFIELD, FI",236,37.46,74.5,-16.9,2.47
01375099999,"KVITFJELL, NO",236,37.46,68.5,10.1,0.0
11265099999,"VILLACHER ALPE AUTOM, AU",236,37.39,62.8,10.0,8.28
02101099999,"HEMAVAN TARNABY, SE",236,37.39,71.8,-5.8,0.0
01238099999,"FOKSTUA II, NO",236,37.37,69.1,4.9,9.53
01441099999,"HOVDEN LUNDANE, NO",236,37.36,64.3,-10.1,16.04
07061099999,"ST. QUENTIN ROUPY, FR",14,37.36,47.6,30.5,2.32
06797099999,"PASSO DEL BERNINA, CH",234,37.28,63.2,11.2,37.82
02720099999,"KITTILA, FI",236,37.24,75.6,-23.7,0.0
02836099999,"SODANKYLA, FI",236,37.24,75.3,-21.4,1.36
07166099999,"VATRY AERO, FR",13,37.22,49.2,28.6,1.84
07554099999,"MENDE, FR",13,37.17,44.7,24.6,0.75
02049099999,"GALLIVARE, SW",222,37.11,73.1,-13.8,12.22
01380099999,"VENABU, NO",236,37.08,67.9,2.0,14.15
02882099999,"KITTILA MATOROVA, FI",236,37.06,75.0,-15.3,0.0
07296099999,"DORANS, FR",13,37.0,50.4,26.8,3.06
06750099999,"GUETSCH OB ANDERMATT, CH",35,36.95,63.0,13.5,7.14
07005099999,"ABBEVILLE, FR",13,36.91,48.6,30.0,3.26
15279099999,"BALEA LAC, RO",236,36.9,65.7,2.5,52.36
02849099999,"SALLA KK MYLLYTIE, FI",236,36.89,73.3,-19.7,2.34
02860099999,"KITTILA KK, FI",236,36.85,73.9,-24.3,0.62
02081099999,"KARESUANDO, SW",49,36.83,73.5,-15.6,0.06
06799099999,"NALUNS, CH",235,36.8,64.6,8.6,0.0
04149099999,"KOLKA, IC",236,36.79,59.0,1.7,0.0
12510099999,"SNIEZKA, PL",236,36.67,65.9,6.2,8.54
02824099999,"KITTILA KENTTAROVA, FI",236,36.6,74.3,-16.2,0.6
11126099999,"PATSCHERKOFEL, AU",236,36.59,63.7,5.9,11.85
01089099999,"HOYBUKTMOEN KIRKENES, NO",236,36.54,73.8,-7.5,0.0
07075099999,"CHARLEVILLE MEZIERES, FR",13,36.52,48.3,30.6,3.68
02815099999,"SAVUKOSKI KK, FI",236,36.52,75.4,-23.5,1.44
02807099999,"IVALO, FI",236,36.47,75.4,-16.7,0.0
04176099999,"KARAHNJUKAR, IC",236,36.43,62.5,5.7,0.0
04162099999,"VEIDIVATNAHRAUN, IC",236,36.38,66.2,1.5,0.0
02705099999,"PELKOSENNIEMI PYHATUNTURI, FI",236,36.38,75.5,-3.1,0.0
01084099999,"PASVIK, NO",236,36.35,74.7,-20.0,0.0
02868099999,"KUUSAMO RUKATUNTURI, FI",236,36.33,75.4,-0.8,0.0
11653099999,"SNEZKA, EZ",230,36.31,66.1,5.8,0.0
01361099999,"GROTLI III, NO",236,36.25,66.1,-12.6,16.13
01440099999,"BLASJO, NO",236,36.22,66.9,5.3,0.0
02764099999,"KITTILA LOMPOLONVUOMA, FI",236,36.2,73.8,-23.7,0.58
07059099999,"MEAULTE, FR",13,36.17,46.7,29.6,1.98
02835099999,"INARI NELLIM, FI",236,36.16,75.5,-24.5,1.5
02819099999,"SALLA VARRIOTUNTURI, FI",231,36.12,77.2,-7.6,2.3
01076099999,"TANABRU, NO",235,36.12,69.8,-9.7,10.19
15600099999,"MOURGASH, BU",91,36.07,68.7,8.5,2.13
15317099999,"TARCU, RO",236,35.94,63.0,4.0,14.54
01082099999,"NYRUD, NO",236,35.94,73.4,-26.4,15.41
04168099999,"SANDBUDIR, IC",203,35.85,63.7,2.9,0.0
01346099999,"MIDTSTOVA, NO",210,35.77,65.9,8.4,37.8
01086099999,"BATSFJORD, NO",236,35.76,73.5,8.3,0.0
02044099999,"KIRUNA, SW",236,35.73,70.8,-12.4,0.0
15088099999,"CALIMANI RETITIS, RO",236,35.71,62.4,0.9,30.17
04056099999,"HVERAVELLIR, IC",233,35.68,61.5,5.6,0.0
02825099999,"UTSJOKI NUORGAM, FI",236,35.64,69.2,-17.2,0.69
01364099999,"FILEFJELL, NO",236,35.6,63.3,-13.6,13.62
02702099999,"INARI KAAMANEN, FI",236,35.59,73.1,-16.7,2.2
11138099999,"ALPINZENTRUM RUDOLFSHUETTE, AU",236,35.49,61.9,5.2,7.51
02823099999,"MUONIO ALAMUONIO, FI",236,35.48,74.0,-23.3,0.69
02857099999,"INARI ANGELI LINTUPUOLISELKA, FI",236,35.43,73.5,-15.2,0.73
02745099999,"SALLA NARUSKA, FI",236,35.33,72.1,-24.1,1.66
11384099999,"HIRSCHENKOGEL, AU",141,35.29,57.1,13.2,8.09
06725099999,"BLATTEN LOETSCHENTAL, CH",148,35.19,54.7,11.3,15.11
02979099999,"KOKAR BOGSKAR, FI",80,35.19,42.2,25.9,0.0
01047099999,"KAUTOKEINO II, NO",231,35.18,73.8,-22.2,11.98
02013099999,"RITSEM, SW",223,35.15,70.0,-12.6,13.45
02719099999,"SODANKYLA KOKKA, FI",236,35.09,73.3,-19.8,1.33
06717099999,"COL DU GRAND ST BERNARD, CH",236,35.05,61.3,10.4,35.27
02717099999,"KITTILA POKKA, FI",235,35.02,72.7,-30.1,0.49
02858099999,"INARI KIRAKKAJARVI, FI",236,35.0,72.5,-19.6,1.2
04166099999,"JOKULHEIMAR, IC",236,34.99,58.4,8.8,0.0
02807599999,"ENONTEKIO, FI",236,34.89,72.1,-20.4,0.0
02816099999,"SODANKYLA VUOTSO, FI",236,34.85,74.1,-25.9,1.52
04390099999,"PRINS CHRISTIAN, GL",234,34.83,56.4,17.0,0.0
07283099999,"LANGRES, FR",13,34.77,46.8,26.2,2.38
02821099999,"MUONIO SAMMALTUNTURI, FI",236,34.75,73.2,-3.0,0.0
08096099999,"CANDANCHU, SP",13,34.69,41.3,28.3,2.68
02722099999,"INARI SAARISELKA, FI",236,34.66,74.8,-19.6,2.2
02019099999,"KATTERJAKK A, SW",236,34.63,69.8,-6.3,44.91
16089099999,"DESENZANO, IT",1,34.6,34.6,34.6,0.0
12650099999,"KASPROWY WIERCH, PL",236,34.6,62.1,1.7,41.46
02805099999,"UTSJOKI KEVO, FI",235,34.57,71.9,-22.6,1.09
01035099999,"LYNGEN GJERDVASSBU, NO",205,34.44,65.6,6.7,0.0
06688099999,"CRAP MASEGN, CH",232,34.38,60.5,9.1,0.0
11916099999,"CHOPOK, LO",236,34.36,61.2,2.8,25.24
01001099999,"JAN MAYEN NOR NAVY, NO",236,34.24,52.5,11.8,9.95
02818099999,"INARI RAJAJOOSEPPI, FI",213,34.18,74.6,-12.9,0.0
01065099999,"KARASJOK, NO",236,34.07,72.0,-27.3,13.7
04285099999,"ANGISOQ, GL",224,34.0,54.6,17.0,0.0
02890099999,"UTSJOKI KEVO KEVOJARVI, FI",236,34.0,71.0,-25.2,0.0
02210099999,"BLAHAMMAREN, SW",221,33.97,69.3,6.8,0.0
02888099999,"INARI SEITALAASSA, FI",236,33.95,70.6,-12.9,0.0
02726099999,"ENONTEKIO NAKKALA, FI",236,33.85,71.2,-18.4,0.48
14008099999,"KREDARICA, SI",236,33.75,58.8,7.8,69.86
06680099999,"SAENTIS, CH",232,33.66,60.4,6.5,53.16
06723099999,"VERBIER LES ATTLELAS, CH",232,33.62,58.6,9.5,0.0
01350099999,"FINSEVATN, NO",235,33.6,61.2,-6.3,17.28
02121099999,"MIERKENIS, SW",211,33.54,67.5,-15.5,18.15
01199099999,"SIHCCAJAVRI, NO",231,33.48,70.9,-18.0,0.0
04214099999,"NUUSSUAATAA NUUSSUAQ, GL",161,33.41,49.7,8.2,0.0
10827099999,"MESSSTETTEN, GM",1,33.4,33.4,33.4,0.0
04361099999,"KULUSUK LUFTHAVN, GL",236,33.11,55.8,1.1,0.0
01058099999,"SUOLOVUOPMI LULIT, NO",236,33.11,70.3,-21.0,13.43
04193099999,"GAGNHEIDI, IC",236,33.1,60.4,7.3,0.0
04109099999,"THVERFJALL, IC",236,33.06,55.5,11.6,0.0
04260599999,"FREDICKSHAB PAAMIUT AIRPORT, GL",230,33.0,51.7,7.6,0.0
07560099999,"MONT AIGOUAL, FR",13,33.0,40.6,20.6,2.2
06795099999,"PIZ MARTEGNAS, CH",232,32.97,58.9,3.4,20.54
02801099999,"ENONTEKIO KILPISJARVI, FI",236,32.9,66.6,-18.1,0.75
01352099999,"SANDHAUG, NO",219,32.86,60.8,-13.8,0.51
04266099999,"NUNARSUIT, GL",224,32.68,49.1,14.0,0.0
10929099999,"KONSTANZ, GM",1,32.6,32.6,32.6,0.01
01028099999,"BJORNOYA ISLAND, NO",233,32.55,56.9,7.4,8.04
04382099999,"IKERMIUARSUK, GL",224,32.47,51.6,11.1,0.0
02820099999,"MUONIO LAUKUKERO, FI",236,32.39,71.0,-4.3,0.0
04250099999,"NUUK GODTHAAB, GL",236,32.22,52.9,6.6,16.23
06780099999,"WEISSFLUHJOCH, CH",231,32.05,57.9,4.2,36.43
08420099999,"GRANADA ARMILLA, SP",1,32.0,32.0,32.0,0.0
04242099999,"SIORALIK, GL",189,31.8,51.7,-1.9,0.0
04253099999,"UKIIVIK FREDERIKSHAAB ISBLINK, GL",224,31.76,48.5,6.9,0.0
15280099999,"VARFU OMU, RO",236,31.51,59.5,-2.8,25.77
04204099999,"MANIITSOQ, GL",230,31.4,58.0,3.7,0.0
01366099999,"SOGNEFJELL, NO",233,31.34,61.9,1.5,1.79
06739099999,"EGGISHORN, CH",232,31.26,57.7,7.1,0.0
11316099999,"PITZTALER GLETSCHER, AU",232,31.19,55.8,4.8,26.28
02766099999,"ILOMANTSI POTSONVAARA, FI",157,31.12,60.1,2.0,6.3
04373099999,"IKERMIIT, GL",225,31.1,54.4,4.1,0.0
15615099999,"MUSSALA TOP SOMMET, BU",236,30.7,57.9,-2.4,18.9
06714099999,"LES DIABLERETS, CH",236,30.69,56.8,6.6,0.0
01030099999,"KISTEFJELL, NO",209,30.54,64.5,3.9,0.0
06749099999,"GORNERGRAT, CH",232,30.22,54.1,5.5,0.0
01461199999,"GAUSTATOPPEN, NO",236,29.54,55.3,2.2,0.0
01220099999,"MANNEN, NO",8,29.38,54.6,5.8,6.65
04202299999,"JAKOBSHAVN LUFTHAVN, GL",236,29.28,57.6,-10.8,0.0
11930099999,"LOMNICKY STIT, LO",236,29.26,56.1,-5.0,40.45
02701099999,"KILPISJARVI SAANA, FI",236,29.26,64.8,-6.4,0.0
04202499999,"SISIMIUT, GL",230,29.2,55.3,-8.7,0.0
04231099999,"SONDRE STROMFJORD KANGERLUSSUAQ, GL",236,29.07,57.6,-23.0,0.0
01007099999,"NY ALESUND, SV",225,28.97,53.1,-5.7,15.06
01008099999,"LONGYEAR, SV",236,28.61,58.1,-9.9,2.37
03065099999,"CAIRNGORM SUMMIT, UK",76,28.26,47.1,18.0,0.0
04339099999,"SCORESBYSUND, GL",173,28.15,55.0,-8.7,36.62
01017099999,"AKSELOYA, SV",184,28.01,54.1,-7.0,0.0
06740099999,"TITLIS, CH",232,27.95,52.7,3.4,0.0
01020099999,"SORKAPPOYA, SV",111,27.95,44.9,-7.8,0.0
01362099999,"JUVVASSHOE, NO",13,27.73,41.4,7.9,0.0
04202399999,"QAARSUT MITTARFIA, GL",198,27.52,55.1,-8.7,0.0
04351099999,"APUTITEEQ, GL",225,27.51,45.5,1.1,0.0
04202199999,"AASIAAT MITTARFIA, GL",176,27.31,48.6,-9.6,0.0
01062099999,"HOPEN ISLAND, NO",236,26.95,45.4,-4.9,8.4
02827099999,"INARI VAYLA, FI",169,26.85,58.1,-24.0,0.0
01360099999,"BRATA SLETTOM, NO",83,26.81,46.0,2.9,8.42
11343099999,"SONNBLICK AUTOM., AU",236,26.67,49.3,-3.2,1.1
06846099999,"SCALOTTAS, CH",8,26.14,31.6,23.0,0.0
06791099999,"PIZ CORVATSCH, CH",232,25.82,49.5,2.2,31.65
02760099999,"KUUSAMO RUKA TALVIJARVI, FI",141,25.2,51.3,-11.4,0.0
04220099999,"AASIAAT EGEDESMINDE, GL",200,24.4,47.1,-11.0,6.71
01002099999,"VERLEGENHUKEN, NO",163,24.1,48.2,-2.9,0.0
11318099999,"BRUNNENKOGEL OETZTALER ALPEN, AU",223,23.96,48.5,-1.7,0.0
01006099999,"EDGEOYA, NO",149,23.41,47.8,-14.4,0.0
16052099999,"PIAN ROSA MTN TOP, IT",199,23.29,50.7,-0.1,0.0
06730099999,"JUNGFRAUJOCH, CH",232,22.42,47.1,-1.7,0.0
01016099999,"KONGSOYA, NO",185,22.15,42.1,-17.2,0.0
01009099999,"KARL XII OYA, SV",210,22.03,47.8,-17.3,0.0
01011099999,"KVITOYA, SV",161,22.01,44.4,-13.1,0.0
04211099999,"MITTARFIK UPERNAVIK UPERNAVIK LUFTHAVN, GL",230,21.58,51.7,-12.8,0.0
04341099999,"CONSTABLE POINT, GL",222,21.24,62.3,-23.4,0.0
01003099999,"HORNSUND, NO",145,21.1,45.1,-4.4,17.2
04203099999,"KITSISSUT CAREY OEER, GL",225,20.57,40.3,-10.7,0.0
04205099999,"MITTARFIK QAANAAQ, GL",221,18.2,47.9,-19.2,0.0
02817099999,"SAARISELKA KAUNISPAA, FI",89,18.05,34.2,-7.5,0.0
04208099999,"KITSISSORSUIT EDDERFUGLE OEER, GL",224,17.94,45.1,-21.1,0.0
04330099999,"DANEBORG AUT, GL",224,17.16,54.5,-23.4,0.0
04202099999,"PITUFFIK SPACE BASE, GL",236,17.04,50.7,-25.5,0.27
04320099999,"DANMARKSHAVN PORT, GL",221,14.63,53.4,-27.7,0.0
04313099999,"HENRIK KROEYER HOLME, GL",224,12.31,39.0,-31.9,0.0
04312099999,"STATION NORD AWS, GL",234,9.43,46.2,-34.3,0.0
04301099999,"KAP MORRIS JESUP, GL",223,5.73,42.2,-33.3,0.0
